<?xml version="1.0"?><phpdoc><class name="N3Serializer" extends="Object" undoc="false" access="public" package="syntax"><file>C:/OpenSA_V2/Apache2/htdocs/rdfapi-php/api/syntax/N3Serializer.php</file><doc><author>Gunnar AA. Grimnes (ggrimnes@csd.abdn.ac.uk)</author><author>Daniel Westphal (dawe@gmx.de)</author><inherited src="Array"/><description>     This class serialises models to N3 Syntax.      Supported N3 features:    &amp;lt;ul&amp;gt;     &amp;lt;li&amp;gt;Using [ ] for blank nodes, or _: if nescessary&amp;lt;/li&amp;gt;     &amp;lt;li&amp;gt;Literal datytype- and xmlLanguageTag support&amp;lt;/li&amp;gt;    &amp;lt;/ul&amp;gt;      Un-supported N3 Features include:    &amp;lt;ul&amp;gt;     &amp;lt;li&amp;gt;Reification&amp;lt;/li&amp;gt;   &amp;lt;/ul&amp;gt;     &amp;lt;b&amp;gt;History:&amp;lt;/b&amp;gt;   &amp;lt;ul&amp;gt;   &amp;lt;li&amp;gt;11-19-2003 Support for datatypes and language tags added.&amp;lt;/li&amp;gt;    &amp;lt;li&amp;gt;08-01-2003 Made compatible with new v6 MemModel&amp;lt;/li&amp;gt;    &amp;lt;li&amp;gt;31-07-2003 Function saveAs added. &amp;lt;radol@gmx.de&amp;gt;&amp;lt;/li&amp;gt;    &amp;lt;li&amp;gt;07-16-2003 Initial version&amp;lt;/li&amp;gt;   &amp;lt;/ul&amp;gt;     TODO: added namespace prefixes are persisent...</description><shortdescription>PHP Notation3 Serializer</shortdescription><version>V0.7&#x0a;*</version></doc><function name="N3Serializer" undoc="false" access="public"><doc><return type="void"/><description/><shortdescription>Constructor</shortdescription></doc></function><function name="addNSPrefix" undoc="false" access="public"><doc><parameter name="$ns" type="string"/><parameter name="$prefix" undoc="true"/><return type="void"/><description>  Unknown namespaces will become ns0, ns1 etc.</description><shortdescription>Adds a new namespace prefix to use.</shortdescription></doc></function><function name="serialize" undoc="false" access="public"><doc><parameter name="&amp;$m" type="object Model"/><return name="" type="string"/><description/><shortdescription>Serializes a model to N3 syntax.</shortdescription></doc></function><function name="saveAs" undoc="false" access="public"><doc><parameter name="&amp;$model" type="object MemModel"/><parameter name="$filename" type="string"/><return name="" type="boolean"/><description>  Returns FALSE if the model couldn&amp;apos;t be saved to the file.</description><shortdescription>Serializes a model and saves it into a file.</shortdescription></doc></function><function name="reset" undoc="false" access="private"><doc><return type="void"/><description/><shortdescription>Readies this object for serializing another model</shortdescription></doc></function><function name="doNamespaces" undoc="false" access="private"><doc><parameter name="&amp;$n" type="array"/><return type="void"/><description>  Outputs @prefix lines.</description><shortdescription>Makes ns0, ns1 etc. prefixes for unknown prefixes.</shortdescription></doc></function><function name="doResource" undoc="false" access="private"><doc><parameter name="&amp;$r" type="object Resource"/><return name="" type="boolean"> *</return><description>  Will recurse into Objects of triples, but should never look ? (really?)</description><shortdescription>Fill in $resourcetext for a single resource.</shortdescription></doc></function><function name="doURI" undoc="false" access="private"><doc><parameter name="&amp;$r" type="string"/><parameter name="&amp;$out" undoc="true"/><return type="void"/><description/><shortdescription>Format a single URI</shortdescription></doc></function><function name="fixAnon" undoc="false" access="private"><doc><parameter name="$t" type="string"/><parameter name="$a" type="string"/><return type="void"/><description/><shortdescription>Fix the resourcetext for a blanknode where the _: construct was used</shortdescription></doc></function><variable name="$debug" access="private" type="unknown"><doc></doc></variable><variable name="$prefixes" access="private" type="unknown"><doc></doc></variable><variable name="$done" access="private" type="unknown"><doc></doc></variable><variable name="$resourcetext" access="private" type="unknown"><doc></doc></variable><variable name="$resourcetext_taken" access="private" type="unknown"><doc></doc></variable><variable name="$model" access="private" type="unknown"><doc></doc></variable><variable name="$res" access="private" type="unknown"><doc></doc></variable><variable name="$anon" access="private" type="unknown"><doc></doc></variable><inherited src="Object" type="functions"><element>tostring</element></inherited><path><parent>Object</parent></path><baseclass>Object</baseclass></class></phpdoc>