<?xml version="1.0"?><phpdoc><class name="Node" extends="Object" undoc="false" access="private" abstract="true" package="model"><file>C:/OpenSA_V2/Apache2/htdocs/rdfapi-php/api/model/Node.php</file><doc><author email="chris@bizer.de">Chris Bizer</author><inherited src="Array"/><description>  Can either be resource, literal or blank node.    Node is used in some comparisons like is_a($obj, &amp;quot;Node&amp;quot;),    meaning is $obj a resource, blank node or literal.      &amp;lt;BR&amp;gt;&amp;lt;BR&amp;gt;History:&amp;lt;UL&amp;gt;   &amp;lt;li&amp;gt;09-10-2002                : First version of this class.&amp;lt;/li&amp;gt;   &amp;lt;/UL&amp;gt;</description><shortdescription>An abstract RDF node.</shortdescription><version>V0.7</version></doc><inherited src="Object" type="functions"><element>tostring</element></inherited><path><parent>Object</parent></path><baseclass>Object</baseclass><subclasses><subclass>Resource</subclass><subclass>Literal</subclass></subclasses></class></phpdoc>