<?xml version="1.0"?><phpdoc><class name="Literal" extends="Node" undoc="false" access="public" package="model"><file>C:/OpenSA_V2/Apache2/htdocs/rdfapi-php/api/model/Literal.php</file><doc><author email="chris@bizer.de">Chris Bizer</author><author email="dawe@gmx.de">Daniel Westphal</author><overriden src="Array"/><description>  The literal supports the xml:lang and rdf:datatype property.   For XML datatypes see: http://www.w3.org/TR/xmlschema-2/      &amp;lt;BR&amp;gt;&amp;lt;BR&amp;gt;History:&amp;lt;UL&amp;gt;   &amp;lt;LI&amp;gt;11-08-2003				 : Method setLanguage() added&amp;lt;/LI&amp;gt;   &amp;lt;LI&amp;gt;12-04-2002				 : Datatype support added ($dtype, getDatatype,   								   toString, setDatatype, equals)&amp;lt;/LI&amp;gt;   &amp;lt;LI&amp;gt;09-10-2002                : First version of this class.&amp;lt;/LI&amp;gt;</description><shortdescription>An RDF literal.</shortdescription><version>V0.7</version></doc><function name="Literal" undoc="false" access="public"><doc><parameter name="$str" type="string">label of the literal</parameter><parameter name="$language" default="NULL" type="resource">optional language identifier</parameter><return type="void"/><description/><shortdescription>Constructor</shortdescription></doc></function><function name="getLabel" undoc="false" access="public"><doc><return name="" type="string">value of the literal</return><description/><shortdescription>Returns the string value of the literal.</shortdescription></doc></function><function name="getLanguage" undoc="false" access="public"><doc><return name="" type="string">language of the literal</return><description/><shortdescription>Returns the language of the literal.</shortdescription></doc></function><function name="setLanguage" undoc="false" access="public"><doc><parameter name="$lang" type="string"/><return type="void"/><description/><shortdescription>Sets the language of the literal.</shortdescription></doc></function><function name="getDatatype" undoc="false" access="public"><doc><return name="" type="string">datatype of the literal</return><description/><shortdescription>Returns the datatype of the literal.</shortdescription></doc></function><function name="setDatatype" undoc="false" access="public"><doc><parameter name="$datatype" type="string">of XML datatype or datatype shortcut</parameter><return type="void"/><description>  Instead of datatype URI, you can also use an datatype shortcuts like STRING or INTEGER.   The array $short_datatype with the possible shortcuts is definded in ../constants.php</description><shortdescription>Sets the datatype of the literal.</shortdescription></doc></function><function name="equals" undoc="false" access="public"><doc><parameter name="$that" type="object literal"/><return name="" type="boolean"/><description>  Two literals are equal, if they have the same label and they   have the same language/datatype or both have no language/datatype property set.</description><shortdescription>Checks if ihe literal equals another literal.</shortdescription></doc></function><function name="toString" undoc="true" access="public"><doc><return name="" type="string"/><overriden src="Object"/><description/><shortdescription>Dumps literal.</shortdescription></doc></function><variable name="$label" access="private" type="string"><doc><description/><shortdescription>Label of the literal</shortdescription></doc></variable><variable name="$lang" access="private" type="string"><doc><description/><shortdescription>Language of the literal</shortdescription></doc></variable><variable name="$dtype" access="private" type="string"><doc><description/><shortdescription>Datatype of the literal</shortdescription></doc></variable><path><parent>Node</parent><parent>Object</parent></path><baseclass>Object</baseclass></class></phpdoc>