<?xml version="1.0"?><phpdoc><class name="RdqlResultIterator" extends="Object" undoc="false" access="public" package="rdql"><file>C:/OpenSA_V2/Apache2/htdocs/rdfapi-php/api/rdql/RdqlResultIterator.php</file><doc><author email="mail@d-westphal.de">Daniel Westphal</author><author email="chris@bizer.de">Chris Bizer</author><inherited src="Array"/><description>  This class can be used for iterating forward and backward trough Rdql results.   It should be instanced using the rdqlQueryAsIterator() method of a MemModel or a DBModel.         &amp;lt;BR&amp;gt;&amp;lt;BR&amp;gt;History:&amp;lt;UL&amp;gt;   &amp;lt;LI&amp;gt;11-06-2003                : First version of this class.&amp;lt;/LI&amp;gt;   &amp;lt;/UL&amp;gt;</description><shortdescription>Iterator for traversing Rdql results.</shortdescription><version>V0.7</version></doc><function name="RdqlResultIterator" undoc="false" access="public"><doc><parameter name="&amp;$RdqlResult" type="object RdqlResult"/><return type="void"/><description/><shortdescription>Constructor</shortdescription></doc></function><function name="getResultLabels" undoc="false" access="public"><doc><return name="" type="array">of strings with the result labels OR null if there are no results.</return><description/><shortdescription>Returns the labels of the result as array.</shortdescription></doc></function><function name="countResults" undoc="false" access="public"><doc><return name="" type="integer"/><description/><shortdescription>Returns the number of results.</shortdescription></doc></function><function name="hasNext" undoc="false" access="public"><doc><return name="" type="boolean"/><description/><shortdescription>Returns TRUE if there are more results.</shortdescription></doc></function><function name="hasPrevious" undoc="false" access="public"><doc><return name="" type="boolean"/><description/><shortdescription>Returns TRUE if the first result has not been reached.</shortdescription></doc></function><function name="next" undoc="false" access="public"><doc><parameter name="$element" default="null" type="integer"/><return name="" type="array">OR single result if $element was specified OR NULL if there is no next result.</return><description/><shortdescription>Returns the next result array.</shortdescription></doc></function><function name="previous" undoc="false" access="public"><doc><parameter name="$element" default="null" type="integer"/><return name="" type="array">OR single result if $element was specified OR NULL if there is no next result.</return><description/><shortdescription>Returns the previous result.</shortdescription></doc></function><function name="current" undoc="false" access="public"><doc><parameter name="$element" default="null" type="integer"/><return name="" type="array">OR single result if $element was specified OR NULL if there is no next result.</return><description/><shortdescription>Returns the current result.</shortdescription></doc></function><function name="moveFirst" undoc="false" access="public"><doc><return type="void"/><description/><shortdescription>Moves the pointer to the first result.</shortdescription></doc></function><function name="moveLast" undoc="false" access="public"><doc><return type="void"/><description/><shortdescription>Moves the pointer to the last result.</shortdescription></doc></function><function name="moveTo" undoc="false" access="public"><doc><parameter name="$position" undoc="true"/><return type="void"/><description>  If you set an off-bounds value, next(), previous() and current() will return NULL</description><shortdescription>Moves the pointer to a specific result.</shortdescription></doc></function><function name="getCurrentPosition" undoc="false" access="public"><doc><return name="" type="integer"/><description/><shortdescription>Returns the current position of the iterator.</shortdescription></doc></function><variable name="$RdqlResult" access="private" type="array"><doc><description/><shortdescription>Reference to the Rdql result</shortdescription></doc></variable><variable name="$position" access="private" type="integer"><doc><description>  RdqlResultIterator does not use the build in PHP array iterator,   so you can use serveral iterators on a single Rdql result.</description><shortdescription>Current position</shortdescription></doc></variable><inherited src="Object" type="functions"><element>tostring</element></inherited><path><parent>Object</parent></path><baseclass>Object</baseclass></class></phpdoc>