<?xml version="1.0"?><phpdoc><class name="DbStore" extends="Object" undoc="false" access="public" package="model"><file>C:/OpenSA_V2/Apache2/htdocs/rdfapi-php/api/model/DbStore.php</file><doc><author email="radol@gmx.de">Radoslaw Oldakowski</author><inherited src="Array"/><description>  DbStore uses ADOdb Library for PHP V3.60 (http://php.weblogs.com/ADODB),   which allows to connect to multiple databases in a portable manner.   This class also provides methods for creating tables for MsAccess and MySQL.   If you want to use other databases, you will have to create tables by yourself   according to the abstract database schema described in the API documentation.     &amp;lt;BR&amp;gt;&amp;lt;BR&amp;gt;History:&amp;lt;UL&amp;gt;   &amp;lt;LI&amp;gt;06-17-2003                : First version of this class&amp;lt;/LI&amp;gt;</description><shortdescription>DbStore is a persistent store of RDF data using relational database technology.</shortdescription><version>V0.7</version></doc><function name="DbStore" undoc="false" access="public"><doc><parameter name="$dbDriver" default="ADODB_DB_DRIVER," type="constant"/><parameter name="$host" default="ADODB_DB_HOST," type="constant"/><parameter name="$dbName" default="ADODB_DB_NAME," type="constant"/><parameter name="$user" default="ADODB_DB_USER," type="constant"/><parameter name="$password" default="ADODB_DB_PASSWORD" type="constant"/><return type="void"/><description>  Set the database connection with the given parameters.</description><shortdescription>Constructor:</shortdescription></doc></function><function name="createTables" undoc="false" access="public"><doc><parameter name="$databaseType" type="string"/><return type="void"/><throws>PhpError</throws><description>  Currently supported: MsAccess and MySQL.   If you want to use other databases, you will have to create tables by yourself   according to the abstract &amp;lt;a href=&amp;quot;database_schema.html&amp;quot;&amp;gt;database schema&amp;lt;/a&amp;gt;   described in the API documentation.</description><shortdescription>Create tables and indexes for the given database type.</shortdescription></doc></function><function name="listModels" undoc="false" access="public"><doc><return name="" type="array"/><throws>SqlError</throws><description/><shortdescription>List all DbModels stored in the database.</shortdescription></doc></function><function name="modelExists" undoc="false" access="public"><doc><parameter name="$modelURI" type="string"/><return name="" type="boolean"/><throws>SqlError</throws><description/><shortdescription>Check if the DbModel with the given modelURI is already stored in the database</shortdescription></doc></function><function name="getModel" undoc="false" access="public"><doc><parameter name="$modelURI" type="string"/><return name="" type="object DbModel"/><description>  load the corresponding values of modelID and baseURI from the database.   Return FALSE if the DbModel does not exist.</description><shortdescription>Create a new instance of DbModel with the given $modelURI and</shortdescription></doc></function><function name="getNewModel" undoc="false" access="public"><doc><parameter name="$modelURI" type="string"/><parameter name="$baseURI" default="NULL" type="resource"/><return name="" type="object DbModel"/><throws>SqlError</throws><description>  and insert the DbModel variables into the database.   Return FALSE if there is already a model with the given URI.</description><shortdescription>Create a new instance of DbModel with the given $modelURI</shortdescription></doc></function><function name="putModel" undoc="false" access="public"><doc><parameter name="&amp;$model" type="object Model"/><parameter name="$modelURI" default="NULL" type="resource"/><return name="" type="boolean"/><description>  Return FALSE if there is already a model with modelURI matching the modelURI   of the given model.</description><shortdescription>Store a MemModel or another DbModel from a different DbStore in the database.</shortdescription></doc></function><function name="close" undoc="false" access="public"><doc><return type="void"/><description>  !!! Warning: If you close the DbStore all active instances of DbModel from this   !!!          DbStore will lose their database connection !!!</description><shortdescription>Close the DbStore.</shortdescription></doc></function><function name="_createUniqueModelID" undoc="false" access="private"><doc><return name="" type="integer"/><description>  This method was implemented because some databases do not support auto-increment.</description><shortdescription>Create a unique ID for the DbModel to be insert into the models table.</shortdescription></doc></function><function name="_createTables_MsAccess" undoc="false" access="private"><doc><return type="void"/><throws>SqlError</throws><description/><shortdescription>Create tables and indexes for MsAccess database</shortdescription></doc></function><function name="_createTables_MySql" undoc="false" access="private"><doc><return type="void"/><throws>SqlError</throws><description/><shortdescription>Create tables and indexes for MySQL database</shortdescription></doc></function><variable name="$dbConn" access="private" type="object ADOConnection"><doc><description/><shortdescription>Database connection object</shortdescription></doc></variable><inherited src="Object" type="functions"><element>tostring</element></inherited><path><parent>Object</parent></path><baseclass>Object</baseclass></class></phpdoc>