<?xml version="1.0"?><phpdoc><class name="MemModel" extends="Model" undoc="false" access="public" package="model"><file>C:/OpenSA_V2/Apache2/htdocs/rdfapi-php/api/model/MemModel.php</file><doc><author email="chris@bizer.de">Chris Bizer</author><author email="ggrimnes@csd.abdn.ac.uk">Gunnar AAstrand Grimnes</author><author email="radol@gmx.de">Radoslaw Oldakowski</author><author email="mail@d-westphal.de">Daniel Westphal</author><inherited src="Array"/><overriden src="Array"/><description>  This class provides methods for manipulating MemModels.     &amp;lt;BR&amp;gt;&amp;lt;BR&amp;gt;History:&amp;lt;UL&amp;gt;   &amp;lt;LI&amp;gt;11-13-2003				 : Functions load, saveAs moved to class model   &amp;lt;LI&amp;gt;11-12-2003				 : Function rdqlQueryAsIterator() added.&amp;lt;/LI&amp;gt;   &amp;lt;LI&amp;gt;07-31-2003                : Class renamed from Model to MemModel.                                   Variable BaseURI and Function getBaseURI() moved to Model.                                   Functions containsAll(), containsAny(), equals(), unite(),                                             subtract(), intersect(), addModel() can now                                             get DbModel as paramter.                                   Functions load() and saveAs() can now work with n3 format too.                                   Function rdqlQuery added. radol@gmx.de&amp;lt;/LI&amp;gt;   &amp;lt;LI&amp;gt;05-31-2003                : Functions load(), saveAs() and writeXX() findFirstMatchingStatement() added.   				                   Changed function index() to a faster index type.&amp;lt;/LI&amp;gt;   &amp;lt;LI&amp;gt;05-28-2003                : Functions addWithoutDuplicates() and addModel() added, optimised bits and pieces.&amp;lt;/LI&amp;gt;   &amp;lt;LI&amp;gt;05-19-2003                : Function add() made more efficient, optimised bits and pieces. ggrimnes@csd.abdn.ac.uk&amp;lt;/LI&amp;gt;   &amp;lt;LI&amp;gt;05-19-2003                : Functions index() and isIndexed() added, ggrimnes@csd.abdn.ac.uk&amp;lt;/LI&amp;gt;   &amp;lt;LI&amp;gt;02-21-2003                : Function findCount() added.&amp;lt;/LI&amp;gt;   &amp;lt;LI&amp;gt;01-13-2003                : Function equals() made more efficient.&amp;lt;/LI&amp;gt;   &amp;lt;LI&amp;gt;09-10-2002                : First version of this class.&amp;lt;/LI&amp;gt;</description><shortdescription>A MemModel is an RDF Model, which is stored in the main memory.</shortdescription><version>V0.7</version></doc><function name="MemModel" undoc="false" access="public"><doc><parameter name="$baseURI" default="NULL" type="resource"/><return type="void"/><description>  You can supply a base_uri</description><shortdescription>Constructor</shortdescription></doc></function><function name="setBaseURI" undoc="false" access="public"><doc><parameter name="$uri" type="string"/><return type="void"/><description>  Affects creating of new resources and serialization syntax.   If the URI doesn&amp;apos;t end with # : or /, then a # is added to the URI.</description><shortdescription>Set a base URI for the MemModel.</shortdescription></doc></function><function name="size" undoc="false" access="public"><doc><return name="" type="integer"/><description/><shortdescription>Number of triples in the MemModel</shortdescription></doc></function><function name="isEmpty" undoc="false" access="public"><doc><return name="" type="boolean"/><description/><shortdescription>Checks if MemModel is empty</shortdescription></doc></function><function name="add" undoc="false" access="public"><doc><parameter name="$statement" type="object Statement"/><return type="void"/><throws>PhpError</throws><description>  The function doesn&amp;apos;t check if the statement is already in the MemModel.   So if you want a duplicate free MemModel use the addWithoutDuplicates() function (which is slower then add())</description><shortdescription>Adds a new triple to the MemModel without checking if the statement is already in the MemModel.</shortdescription></doc></function><function name="addWithoutDuplicates" undoc="false" access="public"><doc><parameter name="$statement" type="object Statement"/><return type="void"/><throws>PhpError</throws><description>  addWithoutDuplicates() is significantly slower then add().</description><shortdescription>Checks if a new statement is already in the MemModel and adds the statement, if it is not in the MemModel.</shortdescription></doc></function><function name="remove" undoc="false" access="public"><doc><parameter name="$statement" type="object Statement"/><return type="void"/><throws>PhpError</throws><description/><shortdescription>Removes the triple from the MemModel.</shortdescription></doc></function><function name="toString" undoc="true" access="public"><doc><return name="" type="string"/><overriden src="Object"/><description/><shortdescription>Short Dump of the MemModel.</shortdescription></doc></function><function name="toStringIncludingTriples" undoc="false" access="public"><doc><return name="" type="string"/><description/><shortdescription>Dumps of the MemModel including all triples.</shortdescription></doc></function><function name="writeAsHtml" undoc="false" access="public"><doc><return type="void"/><description/><shortdescription>Writes the RDF serialization of the MemModel as HTML.</shortdescription></doc></function><function name="writeAsHtmlTable" undoc="false" access="public"><doc><return type="void"/><description/><shortdescription>Writes the RDF serialization of the MemModel as HTML table.</shortdescription></doc></function><function name="writeRdfToString" undoc="false" access="public"><doc><return name="" type="string"/><description/><shortdescription>Writes the RDF serialization of the MemModel as HTML table.</shortdescription></doc></function><function name="contains" undoc="false" access="public"><doc><parameter name="&amp;$statement" type="object Statement"/><return name="" type="boolean"/><description>  TRUE if the triple belongs to the MemModel;   FALSE otherwise.   To improve the search speed with big MemModels, call index() before seaching.</description><shortdescription>Tests if the MemModel contains the given triple.</shortdescription></doc></function><function name="containsAll" undoc="false" access="public"><doc><parameter name="&amp;$model" type="object Model"/><return name="" type="boolean"/><description>  True if all of the statements in $model are also contained in this MemModel and false otherwise.</description><shortdescription>Determine if all of the statements in a model are also contained in this MemModel.</shortdescription></doc></function><function name="containsAny" undoc="false" access="public"><doc><parameter name="&amp;$model" type="object Model"/><return name="" type="boolean"/><description>  True if any of the statements in $model are also contained in this MemModel and false otherwise.</description><shortdescription>Determine if any of the statements in a model are also contained in this MemModel.</shortdescription></doc></function><function name="index" undoc="false" access="public"><doc><return type="void"/><description>  The index is used by the find() and contains() functions.   Performance example using a model with 43000 statements on a Linux machine:     Find without index takes 1.7 seconds.   Indexing takes 1.8 seconds.   Find with index takes 0.001 seconds.   So if you want to query a model more then once, build a index first.</description><shortdescription>Builds a search index for the statements in the MemModel.</shortdescription></doc></function><function name="isIndexed" undoc="false" access="public"><doc><return name="" type="boolean"/><description/><shortdescription>Returns TRUE if the MemModel is indexed.</shortdescription></doc></function><function name="find" undoc="false" access="public"><doc><parameter name="$subject" type="object Node"/><parameter name="$predicate" type="object Node"/><parameter name="$object" type="object Node"/><return name="" type="object MemModel"/><throws>PhpError</throws><description>  NULL input for any parameter will match anything.   Example:  $result = $m-&amp;gt;find( NULL, NULL, $node );   Finds all triples with $node as object.   Returns an empty MemModel if nothing is found.   To improve the search speed with big MemModels, call index() before seaching.</description><shortdescription>General method to search for triples.</shortdescription></doc></function><function name="findRegex" undoc="false" access="public"><doc><parameter name="$subject_regex" type="string"/><parameter name="$predicate_regex" type="string"/><parameter name="$object_regex" type="string"/><return name="" type="object MemModel"/><description>  NULL input for any parameter will match anything.   Example:  $result = $m-&amp;gt;find_regex( NULL, NULL, $regex );   Finds all triples where the label of the object node matches the regular expression.   Returns an empty MemModel if nothing is found.</description><shortdescription>Method to search for triples using Perl-style regular expressions.</shortdescription></doc></function><function name="findVocabulary" undoc="false" access="public"><doc><parameter name="$vocabulary" type="string"/><return name="" type="object MemModel"/><description>  $vocabulary is the namespace of the vocabulary inluding a # : / char at the end.   e.g. http://www.w3.org/2000/01/rdf-schema#   Returns an empty MemModel if nothing is found.</description><shortdescription>Returns all tripels of a certain vocabulary.</shortdescription></doc></function><function name="findFirstMatchingStatement" undoc="false" access="public"><doc><parameter name="$subject" type="object Node"/><parameter name="$predicate" type="object Node"/><parameter name="$object" type="object Node"/><return name="" type="object Statement"/><description>  NULL input for any parameter will match anything.   Example:  $result = $m-&amp;gt;findFirstMatchingStatement( NULL, NULL, $node );   Returns the first statement of the MemModel where the object equals $node.   Returns an NULL if nothing is found.</description><shortdescription>Searches for triples and returns the first matching statement.</shortdescription></doc></function><function name="findCount" undoc="false" access="public"><doc><parameter name="$subject" type="object Node"/><parameter name="$predicate" type="object Node"/><parameter name="$object" type="object Node"/><return name="" type="integer"/><description>  NULL input for any parameter will match anything.   Example:  $result = $m-&amp;gt;findCount( NULL, NULL, $node );   Finds all triples with $node as object.</description><shortdescription>Searches for triples and returns the number of matches.</shortdescription></doc></function><function name="rdqlQuery" undoc="false" access="public"><doc><parameter name="$queryString" type="string"/><parameter name="$returnNodes" default="TRUE" type="boolean"/><return name="" type="array"> [][?VARNAME] = object Node  (if $returnNodes = TRUE)&#x0a;      OR  array   [][?VARNAME] = string</return><description>  This method returns an associative array of variable bindings.   The values of the query variables can either be RAP&amp;apos;s objects (instances of Node)   if $returnNodes set to TRUE, or their string serialization.</description><shortdescription>Perform an RDQL query on this MemModel.</shortdescription></doc></function><function name="rdqlQueryAsIterator" undoc="false" access="public"><doc><parameter name="$queryString" type="string"/><parameter name="$returnNodes" default="TRUE" type="boolean"/><return name="" type="object RdqlResultIterator">= with values as object Node  (if $returnNodes = TRUE)&#x0a;      OR  object RdqlResultIterator = with values as strings if (if $returnNodes = FALSE)</return><description>  This method returns an RdqlResultIterator of variable bindings.   The values of the query variables can either be RAP&amp;apos;s objects (instances of Node)   if $returnNodes set to TRUE, or their string serialization.</description><shortdescription>Perform an RDQL query on this MemModel.</shortdescription></doc></function><function name="replace" undoc="false" access="public"><doc><parameter name="$subject" type="object Node"/><parameter name="$predicate" type="object Node"/><parameter name="$object" type="object Node"/><parameter name="$replacement" type="object Node"/><return type="void"/><throws>PhpError</throws><description>  NULL input for any parameter will match nothing.   Example:  $m-&amp;gt;replace($node, NULL, $node, $replacement);   Replaces all $node objects beeing subject or object in    any triple of the MemModel with the $needle node.</description><shortdescription>General method to replace nodes of a MemModel.</shortdescription></doc></function><function name="matchStatement" undoc="false" access="private"><doc><parameter name="$statement" type="object Statement"/><parameter name="$subject" type="object Node"/><parameter name="$predicate" type="object Node"/><parameter name="$object" type="object Node"/><return name="" type="boolean"/><description>  NULL input for any parameter will match anything.</description><shortdescription>Internal method that checks, if a statement matches a S, P, O or NULL combination.</shortdescription></doc></function><function name="getUniqueResourceURI" undoc="false" access="private"><doc><parameter name="$prefix" type="string"/><return name="" type="string"/><description>  URIs are generated using the base_uri of the MemModel, the prefix and a unique number.</description><shortdescription>Internal method, that returns a resource URI that is unique for the MemModel.</shortdescription></doc></function><function name="equals" undoc="false" access="public"><doc><parameter name="&amp;$that" type="object model"/><return name="" type="boolean"/><throws>phpErrpr</throws><description>  Two models are equal if and only if the two RDF graphs they represent are isomorphic.      Warning: This method doesn&amp;apos;t work correct with models where the same blank node has different    identifiers in the two models. We will correct this in a future version.</description><shortdescription>Checks if two models are equal.</shortdescription></doc></function><function name="unite" undoc="false" access="public"><doc><parameter name="&amp;$model" type="object Model"/><return name="" type="object MemModel"/><throws>phpErrpr</throws><description>  Duplicate statements are removed. If you want to allow duplicates, use addModel() which is much faster.     The result of taking the set-union of two or more RDF graphs (i.e. sets of triples)    is another graph, which we will call the merge of the graphs.    Each of the original graphs is a subgraph of the merged graph. Notice that when forming    a merged graph, two occurrences of a given uriref or literal as nodes in two different    graphs become a single node in the union graph (since by definition they are the same    uriref or literal) but blank nodes are not &amp;apos;merged&amp;apos; in this way; and arcs are of course    never merged. In particular, this means that every blank node in a merged graph can be    identified as coming from one particular graph in the original set of graphs.      Notice that one does not, in general, obtain the merge of a set of graphs by concatenating    their corresponding N-triples documents and constructing the graph described by the merged    document, since if some of the documents use the same node identifiers, the merged document    will describe a graph in which some of the blank nodes have been &amp;apos;accidentally&amp;apos; merged.    To merge Ntriples documents it is necessary to check if the same nodeID is used in two or    more documents, and to replace it with a distinct nodeID in each of them, before merging the    documents. (Not implemented yet !!!!!!!!!!!)</description><shortdescription>Returns a new MemModel that is the set-union of the MemModel with another model.</shortdescription></doc></function><function name="subtract" undoc="false" access="public"><doc><parameter name="&amp;$model" type="object Model"/><return name="" type="object MemModel"/><throws>phpErrpr</throws><description/><shortdescription>Returns a new MemModel that is the subtraction of another model from this MemModel.</shortdescription></doc></function><function name="intersect" undoc="false" access="public"><doc><parameter name="&amp;$model" type="object Model"/><return name="" type="object MemModel"/><throws>phpErrpr</throws><description/><shortdescription>Returns a new MemModel containing all the statements which are in both this MemModel and another.</shortdescription></doc></function><function name="addModel" undoc="false" access="public"><doc><parameter name="&amp;$model" type="object Model"/><return type="void"/><throws>phpErrpr</throws><description>  Duplicate statements are not removed.    If you don&amp;apos;t want duplicates, use unite().</description><shortdescription>Adds another model to this MemModel.</shortdescription></doc></function><function name="reify" undoc="false" access="public"><doc><return name="" type="object MemModel"/><description>  Returns a new MemModel that contains the reifications of all statements of this MemModel.</description><shortdescription>Reifies the MemModel.</shortdescription></doc></function><function name="getStatementIterator" undoc="false" access="public"><doc><return name="" type="object StatementIterator"/><description/><shortdescription>Returns a StatementIterator for traversing the MemModel.</shortdescription></doc></function><function name="close" undoc="false" access="public"><doc><return type="void"/><description/><shortdescription>Close the MemModel and free up resources held.</shortdescription></doc></function><function name="getBaseURI" undoc="true" access="private"><doc><return type="void"/><overriden src="Model"/><description/><shortdescription>Return current baseURI.</shortdescription></doc></function><variable name="$triples" access="private" type="array">array()<doc><description/><shortdescription>Triples of the MemModel</shortdescription></doc></variable><variable name="$index" access="private" type="array"><doc><description/><shortdescription>Search index</shortdescription></doc></variable><variable name="$indexed" access="private" type="boolean"><doc><description/><shortdescription>This is set to true if the MemModel is indexed</shortdescription></doc></variable><inherited src="Model" type="functions"><element>model</element><element>saveas</element><element>load</element></inherited><inherited src="Model" type="variables"><element>$baseuri</element></inherited><path><parent>Model</parent><parent>Object</parent></path><baseclass>Object</baseclass></class></phpdoc>