<?xml version="1.0"?><phpdoc><class name="BlankNode" extends="Resource" undoc="false" access="public" package="model"><file>C:/OpenSA_V2/Apache2/htdocs/rdfapi-php/api/model/Blanknode.php</file><doc><author email="chris@bizer.de">s Chris Bizer</author><author email="radol@gmx.de">Radoslaw Oldakowski</author><inherited src="Array"/><overriden src="Array"/><description>  In model theory, blank nodes are considered to be drawn from some set of    &amp;apos;anonymous&amp;apos; entities which have no label but are unique to the graph.   For serialization they are labeled with a URI or a _:X identifier.      &amp;lt;BR&amp;gt;&amp;lt;BR&amp;gt;History:&amp;lt;UL&amp;gt;   &amp;lt;LI&amp;gt;07-27-2003                : BlankNode can now receive both MemModel and DbModel as parameter   &amp;lt;LI&amp;gt;02-21-2003                : getLabel() added.&amp;lt;/LI&amp;gt;   &amp;lt;LI&amp;gt;09-10-2002                : First version of this class.&amp;lt;/LI&amp;gt;   &amp;lt;/UL&amp;gt;</description><shortdescription>An RDF blank node.</shortdescription><version>V0.7</version></doc><function name="BlankNode" undoc="false" access="public"><doc><parameter name="$namespace_or_uri_or_model" type="mixed"/><parameter name="$localName" default="NULL" type="resource"/><return type="void"/><description>  You can supply a label or You supply a model and a unique ID is gernerated</description><shortdescription>Constructor</shortdescription></doc></function><function name="getID" undoc="false" access="public"><doc><return name="" type="string"/><description/><shortdescription>Returns the ID of the blank node.</shortdescription></doc></function><function name="getLabel" undoc="true" access="public"><doc><return name="" type="string"/><overriden src="Resource"/><description/><shortdescription>Returns the ID of the blank node.</shortdescription></doc></function><function name="toString" undoc="true" access="public"><doc><return name="" type="string"/><overriden src="Object"/><description/><shortdescription>Dumps bNode.</shortdescription></doc></function><function name="equals" undoc="true" access="public"><doc><parameter name="$that" type="object resource"/><return name="" type="boolean"/><overriden src="Resource"/><description>  Two blank nodes are equal, if they have the same temporary ID</description><shortdescription>Checks if two blank nodes are equal.</shortdescription></doc></function><inherited src="Resource" type="functions"><element>resource</element><element>geturi</element><element>getnamespace</element><element>getlocalname</element></inherited><inherited src="Resource" type="variables"><element>$uri</element></inherited><path><parent>Resource</parent><parent>Node</parent><parent>Object</parent></path><baseclass>Object</baseclass></class></phpdoc>