<?xml version="1.0"?><phpdoc><class name="Object" extends="" undoc="false" access="private" abstract="true" package="util"><file>C:/OpenSA_V2/Apache2/htdocs/rdfapi-php/api/util/Object.php</file><doc><author email="chris@bizer.de">Chris Bizer</author><description>  Root object with some general methods, that should be overloaded.       &amp;lt;BR&amp;gt;&amp;lt;BR&amp;gt;   History:&amp;lt;UL&amp;gt;   &amp;lt;li&amp;gt;09-10-2002 : First version of this class.&amp;lt;/li&amp;gt;   &amp;lt;/UL&amp;gt;</description><shortdescription>An abstract object.</shortdescription><version>V0.7</version></doc><function name="toString" undoc="false" access="public"><doc><return name="" type="string"/><description/><shortdescription>Serializes a object into a string</shortdescription></doc></function><subclasses><subclass>Node</subclass><subclass>Model</subclass><subclass>DbStore</subclass><subclass>Statement</subclass><subclass>RdqlEngine</subclass><subclass>RdqlParser</subclass><subclass>RdqlResultIterator</subclass><subclass>N3Parser</subclass><subclass>N3Serializer</subclass><subclass>NTripleSerializer</subclass><subclass>RdfParser</subclass><subclass>RdfSerializer</subclass><subclass>RDFUtil</subclass><subclass>StatementIterator</subclass></subclasses></class></phpdoc>