<?xml version="1.0"?><phpdoc><classtree baseclass="Object"><class name="BlankNode"></class><class name="Resource"><subclass>BlankNode</subclass></class><class name="Literal"></class><class name="Node"><subclass>Resource</subclass><subclass>Literal</subclass></class><class name="DbModel"></class><class name="MemModel"></class><class name="Model"><subclass>DbModel</subclass><subclass>MemModel</subclass></class><class name="DbStore"></class><class name="Statement"></class><class name="RdqlDbEngine"></class><class name="RdqlMemEngine"></class><class name="RdqlEngine"><subclass>RdqlDbEngine</subclass><subclass>RdqlMemEngine</subclass></class><class name="RdqlParser"></class><class name="RdqlResultIterator"></class><class name="N3Parser"></class><class name="N3Serializer"></class><class name="NTripleSerializer"></class><class name="RdfParser"></class><class name="RdfSerializer"></class><class name="RDFUtil"></class><class name="StatementIterator"></class><class name="Object"><subclass>Node</subclass><subclass>Model</subclass><subclass>DbStore</subclass><subclass>Statement</subclass><subclass>RdqlEngine</subclass><subclass>RdqlParser</subclass><subclass>RdqlResultIterator</subclass><subclass>N3Parser</subclass><subclass>N3Serializer</subclass><subclass>NTripleSerializer</subclass><subclass>RdfParser</subclass><subclass>RdfSerializer</subclass><subclass>RDFUtil</subclass><subclass>StatementIterator</subclass></class></classtree></phpdoc>