<?xml version="1.0"?><phpdoc><class name="StatementIterator" extends="Object" undoc="false" access="public" package="util"><file>C:/OpenSA_V2/Apache2/htdocs/rdfapi-php/api/util/StatementIterator.php</file><doc><author email="chris@bizer.de">Chris Bizer</author><inherited src="Array"/><description>  This class can be used for iterating forward and backward trough MemModels.   It should be instanced using the getIterator() method of a MemModel.      &amp;lt;BR&amp;gt;&amp;lt;BR&amp;gt;History:&amp;lt;UL&amp;gt;   &amp;lt;LI&amp;gt;02-21-2003                : First version of this class.&amp;lt;/LI&amp;gt;   &amp;lt;/UL&amp;gt;</description><shortdescription>Iterator for traversing models.</shortdescription><version>V0.7</version></doc><function name="StatementIterator" undoc="false" access="public"><doc><parameter name="&amp;$model" type="object MemModel"/><return type="void"/><description/><shortdescription>Constructor</shortdescription></doc></function><function name="hasNext" undoc="false" access="public"><doc><return name="" type="boolean"/><description/><shortdescription>Returns TRUE if there are more statements.</shortdescription></doc></function><function name="hasPrevious" undoc="false" access="public"><doc><return name="" type="boolean"/><description/><shortdescription>Returns TRUE if the first statement has not been reached.</shortdescription></doc></function><function name="next" undoc="false" access="public"><doc><return type="void"/><description/><shortdescription>Returns the next statement.</shortdescription></doc></function><function name="previous" undoc="false" access="public"><doc><return type="void"/><description/><shortdescription>Returns the previous statement.</shortdescription></doc></function><function name="current" undoc="false" access="public"><doc><return type="void"/><description/><shortdescription>Returns the current statement.</shortdescription></doc></function><function name="moveFirst" undoc="false" access="public"><doc><return type="void"/><description/><shortdescription>Moves the pointer to the first statement.</shortdescription></doc></function><function name="moveLast" undoc="false" access="public"><doc><return type="void"/><description/><shortdescription>Moves the pointer to the last statement.</shortdescription></doc></function><function name="moveTo" undoc="false" access="public"><doc><parameter name="$position" undoc="true"/><return type="void"/><description>  If you set an off-bounds value, next(), previous() and current() will return NULL</description><shortdescription>Moves the pointer to a specific statement.</shortdescription></doc></function><function name="getCurrentPosition" undoc="false" access="public"><doc><return name="" type="integer"/><description/><shortdescription>Returns the current position of the iterator.</shortdescription></doc></function><variable name="$model" access="private" type="object MemModel"><doc><description/><shortdescription>Reference to the MemModel</shortdescription></doc></variable><variable name="$position" access="private" type="integer"><doc><description>  StatementIterator does not use the build in PHP array iterator,   so you can use serveral iterators on a single MemModel.</description><shortdescription>Current position</shortdescription></doc></variable><inherited src="Object" type="functions"><element>tostring</element></inherited><path><parent>Object</parent></path><baseclass>Object</baseclass></class></phpdoc>