<?xml version="1.0"?><phpdoc><class name="Resource" extends="Node" undoc="false" access="public" package="model"><file>C:/OpenSA_V2/Apache2/htdocs/rdfapi-php/api/model/Resource.php</file><doc><author email="chris@bizer.de">Chris Bizer</author><overriden src="Array"/><description>  Every RDF resource must have a URIref.     URIrefs are treated as logical constants, i.e. as names which denote something    (the things are called &amp;apos;resources&amp;apos;, but no assumptions are made about the nature of resources.)    Many RDF resources are pieces of vocabulary. They typically have a namespace   and a local name. In this case, a URI is composed as a   concatenation of the namespace and the local name.      &amp;lt;BR&amp;gt;&amp;lt;BR&amp;gt;History:&amp;lt;UL&amp;gt;   &amp;lt;LI&amp;gt;11-09-2003				 : Fixed bug in equals() &amp;lt;radol@gmx.de&amp;gt;&amp;lt;/LI&amp;gt;   &amp;lt;LI&amp;gt;09-30-2002                : Fixed bug in getNamespace() and getLocalName().&amp;lt;/LI&amp;gt;   &amp;lt;LI&amp;gt;09-10-2002                : First version of this class.&amp;lt;/LI&amp;gt;   &amp;lt;/UL&amp;gt;</description><shortdescription>An RDF resource.</shortdescription><version>V0.7</version></doc><function name="Resource" undoc="false" access="public"><doc><parameter name="$namespace_or_uri" type="string"/><parameter name="$localName" default="NULL" type="resource"/><return type="void"/><description>  Takes an URI or a namespace/localname combination</description><shortdescription>Constructor</shortdescription></doc></function><function name="getURI" undoc="false" access="public"><doc><return name="" type="string"/><description/><shortdescription>Returns the URI of the resource.</shortdescription></doc></function><function name="getLabel" undoc="false" access="public"><doc><return name="" type="string"/><description/><shortdescription>Returns the label of the resource, which is the URI of the resource.</shortdescription></doc></function><function name="getNamespace" undoc="false" access="public"><doc><return name="" type="string"/><description/><shortdescription>Returns the namespace of the resource. May return null.</shortdescription></doc></function><function name="getLocalName" undoc="false" access="public"><doc><return name="" type="string"/><description/><shortdescription>Returns the local name of the resource.</shortdescription></doc></function><function name="toString" undoc="true" access="public"><doc><return name="" type="string"/><overriden src="Object"/><description/><shortdescription>Dumps resource.</shortdescription></doc></function><function name="equals" undoc="false" access="public"><doc><parameter name="$that" type="object resource"/><return name="" type="boolean"/><description>  Two resources are equal, if they have the same URI</description><shortdescription>Checks if the resource equals another resource.</shortdescription></doc></function><variable name="$uri" access="private" type="string"><doc><description/><shortdescription>URIref to the resource</shortdescription></doc></variable><path><parent>Node</parent><parent>Object</parent></path><baseclass>Object</baseclass><subclasses><subclass>BlankNode</subclass></subclasses></class></phpdoc>