<?xml version="1.0"?><phpdoc><class name="DbModel" extends="Model" undoc="false" access="public" package="model"><file>C:/OpenSA_V2/Apache2/htdocs/rdfapi-php/api/model/DbModel.php</file><doc><author email="radol@gmx.de">Radoslaw Oldakowski</author><inherited src="Array"/><overriden src="Array"/><description>  A DbModel is an RDF Model, which is persistently stored in a relational database.   This Class uses ADOdb Library for PHP V3.60 (http://php.weblogs.com/ADODB).     &amp;lt;BR&amp;gt;&amp;lt;BR&amp;gt;History:&amp;lt;UL&amp;gt;   &amp;lt;LI&amp;gt;11-13-2003				 : Functions load,saveAs moved to class model   &amp;lt;LI&amp;gt;11-12-2003				 : Function rdqlQueryAsIterator() added.&amp;lt;/LI&amp;gt;   &amp;lt;LI&amp;gt;06-17-2003                : First version of this class&amp;lt;/LI&amp;gt;</description><shortdescription>This class provides methods for manipulating DbModels from DbStore.</shortdescription><version>V0.7</version></doc><function name="DbModel" undoc="false" access="public"><doc><parameter name="&amp;$dbConnection" type="object ADOConnection"/><parameter name="$modelURI" type="string"/><parameter name="$modelID" type="string"/><parameter name="$baseURI" default="NULL" type="resource"/><return type="void"/><description>  Do not call this directly.   Use the method getModel,getNewModel or putModel of the Class DbStore instead.</description><shortdescription>Constructor</shortdescription></doc></function><function name="setBaseURI" undoc="false" access="public"><doc><parameter name="$uri" type="string"/><return type="void"/><throws>SqlError</throws><description>  Affects creating of new resources and serialization syntax.</description><shortdescription>Set a base URI for the DbModel.</shortdescription></doc></function><function name="size" undoc="false" access="public"><doc><return name="" type="integer"/><description/><shortdescription>Return the number of statements in this DbModel</shortdescription></doc></function><function name="isEmpty" undoc="false" access="public"><doc><return name="" type="boolean"/><description/><shortdescription>Check if this DbModel is empty</shortdescription></doc></function><function name="add" undoc="false" access="public"><doc><parameter name="&amp;$statement" type="object Statement"/><return type="void"/><throws>PhpError</throws><throws>SqlError</throws><description/><shortdescription>Add a new triple to this DbModel.</shortdescription></doc></function><function name="remove" undoc="false" access="public"><doc><parameter name="&amp;$statement" type="object Statement"/><return type="void"/><throws>PhpError</throws><throws>SqlError</throws><description/><shortdescription>Remove the given triple from this DbModel.</shortdescription></doc></function><function name="toString" undoc="true" access="public"><doc><return name="" type="string"/><overriden src="Object"/><description/><shortdescription>Short dump of the DbModel.</shortdescription></doc></function><function name="toStringIncludingTriples" undoc="false" access="public"><doc><return name="" type="string"/><description/><shortdescription>Dump of the DbModel including all triples.</shortdescription></doc></function><function name="getMemModel" undoc="false" access="public"><doc><return name="" type="object MemModel"/><description/><shortdescription>Create a MemModel containing all the triples of the current DbModel</shortdescription></doc></function><function name="writeAsHtml" undoc="false" access="public"><doc><return type="void"/><description/><shortdescription>Write the RDF serialization of the _DbModel as HTML.</shortdescription></doc></function><function name="writeAsHtmlTable" undoc="false" access="public"><doc><return type="void"/><description/><shortdescription>Write the RDF serialization of the DbModel as HTML table.</shortdescription></doc></function><function name="writeRdfToString" undoc="false" access="public"><doc><return name="" type="string"/><description/><shortdescription>Write the RDF serialization of the DbModel to string</shortdescription></doc></function><function name="contains" undoc="false" access="public"><doc><parameter name="&amp;$statement" type="object Statement"/><return name="" type="boolean"/><description/><shortdescription>Check if the DbModel contains the given statement</shortdescription></doc></function><function name="containsAll" undoc="false" access="public"><doc><parameter name="&amp;$model" type="object Model"/><return name="" type="boolean"/><description/><shortdescription>Determine if all of the statements in the given model are also contained in this DbModel.</shortdescription></doc></function><function name="containsAny" undoc="false" access="public"><doc><parameter name="&amp;$model" type="object Model"/><return name="" type="boolean"/><description/><shortdescription>Determine if any of the statements in the given model are also contained in this DbModel.</shortdescription></doc></function><function name="find" undoc="false" access="public"><doc><parameter name="$subject" type="object Resource"/><parameter name="$predicate" type="object Resource"/><parameter name="$object" type="object Node"/><return name="" type="object MemModel"/><throws>PhpError</throws><throws>SqlError</throws><description>  NULL input for any parameter will match anything.   Example:  $result = $m-&amp;gt;find( NULL, NULL, $node );             Finds all triples with $node as object.</description><shortdescription>General method to search for triples in the DbModel.</shortdescription></doc></function><function name="findRegex" undoc="false" access="public"><doc><parameter name="$subject_regex" type="string"/><parameter name="$predicate_regex" type="string"/><parameter name="$object_regex" type="string"/><return name="" type="object MemModel"/><throws>PhpError</throws><throws>SqlError</throws><description>  NULL input for any parameter will match anything.   Example:  $result = $m-&amp;gt;find_regex( NULL, NULL, $regex );             Finds all triples where the label of the object node matches               the regular expression.   Return an empty MemModel if nothing is found.   !!!!!!!!!!!!!!!!!!!!!!!!!!!!!!!!!!!!!!!!!!!!!!!!!!!!!!!!!!!!!!!!!!!!!!   WARNING: Mhis method loads a DbModel into memory and performs the search            on a MemModel, which can be slow with large models.   !!!!!!!!!!!!!!!!!!!!!!!!!!!!!!!!!!!!!!!!!!!!!!!!!!!!!!!!!!!!!!!!!!!!!!</description><shortdescription>Method to search for triples using Perl-style regular expressions.</shortdescription></doc></function><function name="findVocabulary" undoc="false" access="public"><doc><parameter name="$vocabulary" type="string"/><return name="" type="object MemModel"/><throws>PhpError</throws><throws>SqlError</throws><description>  $vocabulary is the namespace of the vocabulary inluding a # : / char at the end.   e.g. http://www.w3.org/2000/01/rdf-schema#   Return an empty model if nothing is found.</description><shortdescription>Return all tripels of a certain vocabulary.</shortdescription></doc></function><function name="findFirstMatchingStatement" undoc="false" access="public"><doc><parameter name="$subject" type="object Resource"/><parameter name="$predicate" type="object Resource"/><parameter name="$object" type="object Node"/><return name="" type="object Statement"/><throws>PhpError</throws><throws>SqlError</throws><description>  NULL input for any parameter will match anything.   Return an NULL if nothing is found.</description><shortdescription>Search for triples and return the first matching statement.</shortdescription></doc></function><function name="findCount" undoc="false" access="public"><doc><parameter name="$subject" type="object Resource"/><parameter name="$predicate" type="object Resource"/><parameter name="$object" type="object Node"/><return name="" type="integer"/><throws>PhpError</throws><throws>SqlError</throws><description>  NULL input for any parameter will match anything.</description><shortdescription>Search for triples and return the number of matches.</shortdescription></doc></function><function name="rdqlQuery" undoc="false" access="public"><doc><parameter name="$queryString" type="string"/><parameter name="$returnNodes" default="TRUE" type="boolean"/><return name="" type="array"> [][?VARNAME] = object Node  (if $returnNodes = TRUE)&#x0a;      OR  array   [][?VARNAME] = string</return><description>  This method returns an associative array of variable bindings.   The values of the query variables can either be RAP&amp;apos;s objects (instances of Node)   if $returnNodes set to TRUE, or their string serialization.</description><shortdescription>Perform an RDQL query on this DbModel.</shortdescription></doc></function><function name="rdqlQueryAsIterator" undoc="false" access="public"><doc><parameter name="$queryString" type="string"/><parameter name="$returnNodes" default="TRUE" type="boolean"/><return name="" type="object RdqlResultIterator">= with values as object Node  (if $returnNodes = TRUE)&#x0a;      OR  object RdqlResultIterator = with values as strings if (if $returnNodes = FALSE)</return><description>  This method returns an RdqlResultIterator of variable bindings.   The values of the query variables can either be RAP&amp;apos;s objects (instances of Node)   if $returnNodes set to TRUE, or their string serialization.</description><shortdescription>Perform an RDQL query on this DBModel.</shortdescription></doc></function><function name="replace" undoc="false" access="public"><doc><parameter name="$subject" type="object Resource"/><parameter name="$predicate" type="object Resource"/><parameter name="$object" type="object Node"/><parameter name="$replacement" type="object Node"/><return type="void"/><throws>PhpError</throws><throws>SqlError</throws><description>  NULL input for any parameter will match nothing.   Example:  $m-&amp;gt;replace($resource, NULL, $node, $replacement);             Replaces all $node objects beeing subject or object in             any triple of the model with the $replacement node.   Throw an error in case of a paramter mismatch.</description><shortdescription>General method to replace nodes of a DbModel.</shortdescription></doc></function><function name="equals" undoc="false" access="public"><doc><parameter name="&amp;$that" type="object model"/><return name="" type="boolean"/><throws>PhpError</throws><description>  Two models are equal if and only if the two RDF graphs they represent are isomorphic.     Warning: This method doesn&amp;apos;t work correct with models where the same blank node has different   identifiers in the two models. We will correct this in a future version.</description><shortdescription>Check if two models are equal.</shortdescription></doc></function><function name="unite" undoc="false" access="public"><doc><parameter name="&amp;$model" type="object Model"/><return name="" type="object MemModel"/><throws>PhpError</throws><description>    The result of taking the set-union of two or more RDF graphs (i.e. sets of triples)   is another graph, which we will call the merge of the graphs.   Each of the original graphs is a subgraph of the merged graph. Notice that when forming   a merged graph, two occurrences of a given uriref or literal as nodes in two different   graphs become a single node in the union graph (since by definition they are the same   uriref or literal) but blank nodes are not &amp;apos;merged&amp;apos; in this way; and arcs are of course   never merged. In particular, this means that every blank node in a merged graph can be   identified as coming from one particular graph in the original set of graphs.     Notice that one does not, in general, obtain the merge of a set of graphs by concatenating   their corresponding N-triples documents and constructing the graph described by the merged   document, since if some of the documents use the same node identifiers, the merged document   will describe a graph in which some of the blank nodes have been &amp;apos;accidentally&amp;apos; merged.   To merge Ntriples documents it is necessary to check if the same nodeID is used in two or   more documents, and to replace it with a distinct nodeID in each of them, before merging the   documents. (Not implemented yet !!!!!!!!!!!)</description><shortdescription>Return a new MemModel that is the set-union the model with another model.</shortdescription></doc></function><function name="subtract" undoc="false" access="public"><doc><parameter name="&amp;$model" type="object Model"/><return name="" type="object MemModel"/><throws>PhpError</throws><description/><shortdescription>Return a new MemModel that is the subtraction of another model from this DbModel.</shortdescription></doc></function><function name="intersect" undoc="false" access="public"><doc><parameter name="&amp;$model" type="object Model"/><return name="" type="object MemModel"/><throws>PhpError</throws><description>  this model and the given model.</description><shortdescription>Return a new MemModel containing all the statements which are in both</shortdescription></doc></function><function name="addModel" undoc="false" access="public"><doc><parameter name="&amp;$model" type="object Model">@throw  PhpError</parameter><return type="void"/><description>  This function monitors for SQL errors, and will commit if no errors have occured,   otherwise it will rollback.</description><shortdescription>Add the given model to this DbModel.</shortdescription></doc></function><function name="reify" undoc="false" access="public"><doc><return name="" type="object MemModel"/><description>  Return a new MemModel that contains the reifications of all statements of this DbModel.</description><shortdescription>Reify the DbModel.</shortdescription></doc></function><function name="delete" undoc="false" access="public"><doc><return type="void"/><throws>SqlError</throws><description>  This function monitors for SQL errors, and will commit if no errors have occured,   otherwise it will rollback.</description><shortdescription>Remove this DbModel from database and clean up.</shortdescription></doc></function><function name="close" undoc="false" access="public"><doc><return type="void"/><description/><shortdescription>Close this DbModel</shortdescription></doc></function><function name="getUniqueResourceURI" undoc="false" access="private"><doc><parameter name="$prefix" type="string"/><return name="" type="string"/><description>  URIs are generated using the base_uri of the DbModel, the prefix and a unique number.</description><shortdescription>Internal method, that returns a resource URI that is unique for the DbModel.</shortdescription></doc></function><function name="_checkBaseURI" undoc="false" access="private"><doc><parameter name="$uri" type="string"/><return name="" type="string"/><description>  Used at setting the baseURI of this DbModel.</description><shortdescription>If the URI doesn&amp;apos;t end with # : or /, then a # is added to the URI.</shortdescription></doc></function><function name="_getNodeFlag" undoc="false" access="private"><doc><parameter name="$object" type="object Node"/><return name="" type="string"/><description>  Return the flag of the Node object.   r - Resource, b - BlankNode, l - Literal</description><shortdescription>&amp;apos;</shortdescription></doc></function><function name="_convertRecordSetToMemModel" undoc="false" access="private"><doc><parameter name="&amp;$recordSet" type="object ADORecordSet"/><return name="" type="object MemModel"/><description>    Every successful database query returns an ADORecordSet object which is actually   a cursor that holds the current row in the array fields[].   !!!!!!!!!!!!!!!!!!!!!!!!!!!!!!!!!!!!!!!!!!!!!!!!!!!!!!!!!!!!!!!!!!!!!!!   !!! This method can only be applied to a RecordSet with array fields[]   !!! containing a representation of the database table: statements,   !!! with an index corresponding to following table columns:   !!! [0] - subject, [1] - predicate, [2] - object, [3] - l_language,   !!! [4] - l_datatype, [5] - subject_is, [6] - object_is   !!!!!!!!!!!!!!!!!!!!!!!!!!!!!!!!!!!!!!!!!!!!!!!!!!!!!!!!!!!!!!!!!!!!!!!</description><shortdescription>Convert an ADORecordSet to a memory Model.</shortdescription></doc></function><function name="_createDynSqlPart_SPO" undoc="false" access="private"><doc><parameter name="$subject" type="object Resource"/><parameter name="$predicate" type="object Resource"/><parameter name="$object" type="object Node"/><return name="" type="string"/><description>  given parameters ($subject, $predicate, $object).</description><shortdescription>Create the dynamic part of an sql statement selecting triples with the</shortdescription></doc></function><function name="_getRecordSet" undoc="false" access="private"><doc><parameter name="&amp;$dbModel" type="object DbModel"/><return name="" type="object ADORecordSet"/><description>  the given DbModel stored in the table: statements, with an index corresponding   to following table columns:   [0] - subject, [1] - predicate, [2] - object, [3] - l_language,   [4] - l_datatype, [5] - subject_is, [6] - object_is   (This method operates on data from a DbModel without loading it into a memory model    in order to save resources and improve speed).</description><shortdescription>Get an ADORecordSet with array fields[] containing a representation of</shortdescription></doc></function><function name="_containsRow" undoc="false" access="private"><doc><parameter name="$row" type="array"/><return name="" type="boolean"/><description>  The array index corresponds to following table columns:   [0] - subject, [1] - predicate, [2] - object, [3] - l_language,   [4] - l_datatype, [5] - subject_is, [6] - object_is</description><shortdescription>Check if this DbModel contains the given row from the array fields[] of an ADORecordSet</shortdescription></doc></function><function name="_insertRow" undoc="false" access="private"><doc><parameter name="$row" type="array"/><return type="void"/><throws>SqlError</throws><description>  The array index corresponds to following table columns:   [0] - subject, [1] - predicate, [2] - object, [3] - l_language,   [4] - l_datatype, [5] - subject_is, [6] - object_is</description><shortdescription>Add the given row from the array fields[] of an ADORecordSet to this DbModel</shortdescription></doc></function><variable name="$dbConn" access="private" type="object ADOConnection"><doc><description/><shortdescription>Database connection object</shortdescription></doc></variable><variable name="$modelURI" access="private" type="string"><doc><description>  Used to identify the DbModel.</description><shortdescription>Unique model URI.</shortdescription></doc></variable><variable name="$modelID" access="private" type="string"><doc><description>  Used to avoid JOINs.</description><shortdescription>Database internal modelID.</shortdescription></doc></variable><inherited src="Model" type="functions"><element>model</element><element>getbaseuri</element><element>saveas</element><element>load</element></inherited><inherited src="Model" type="variables"><element>$baseuri</element></inherited><path><parent>Model</parent><parent>Object</parent></path><baseclass>Object</baseclass></class></phpdoc>