<?xml version="1.0"?><phpdoc><class name="RDFUtil" extends="Object" undoc="false" access="public" package="util"><file>C:/OpenSA_V2/Apache2/htdocs/rdfapi-php/api/util/RdfUtil_daniel.php</file><doc><author email="chris@bizer.de">Chris Bizer</author><author email="dawe@gmx.de">Daniel Westphal</author><inherited src="Array"/><description>  Static class.      &amp;lt;BR&amp;gt;&amp;lt;BR&amp;gt;History:&amp;lt;UL&amp;gt;   &amp;lt;LI&amp;gt;11-14-2003				 : writeHTMLTable: all characters in Literals, which have HTML character entity equivalents are translated into these entities   &amp;lt;LI&amp;gt;04-23-2003				 : Chunk_split() removed from writeHTMLTable&amp;lt;/LI&amp;gt;   &amp;lt;LI&amp;gt;12-04-2002				 : Added support for &amp;quot;rdf:datatype&amp;quot; in writeHTMLTable&amp;lt;/LI&amp;gt;   &amp;lt;LI&amp;gt;10-03-2002                : Green coloring for RDF_SCHEMA nodes added to writeHTMLTable&amp;lt;/LI&amp;gt;   &amp;lt;LI&amp;gt;09-10-2002                : First version of this class.&amp;lt;/LI&amp;gt;      &amp;lt;/UL&amp;gt;</description><shortdescription>Useful utility methods.</shortdescription><version>V0.7</version></doc><function name="guessNamespace" undoc="false" access="public"><doc><parameter name="$uri" type="String"/><return name="" type="string"/><description/><shortdescription>Extracts the namespace prefix out of a URI.</shortdescription></doc></function><function name="guessName" undoc="false" access="public"><doc><parameter name="$uri" type="String"/><return name="" type="string"/><description/><shortdescription>Delivers the name out of the URI (without the namespace prefix).</shortdescription></doc></function><function name="getNamespace" undoc="false" access="public"><doc><parameter name="$resource" type="Object"/><return name="" type="string"/><description/><shortdescription>Extracts the namespace prefix out of the URI of a Resource.</shortdescription></doc></function><function name="getLocalName" undoc="false" access="public"><doc><parameter name="$resource" type="Object"/><return name="" type="string"/><description/><shortdescription>Delivers the Localname (without the namespace prefix) out of the URI of a Resource.</shortdescription></doc></function><function name="getNamespaceEnd" undoc="false" access="private"><doc><parameter name="$uri" type="String"/><return type="void"/><description>  Method looks for # : and /</description><shortdescription>Position of the namespace end</shortdescription></doc></function><function name="isRDF" undoc="false" access="public"><doc><parameter name="$resource" type="Object"/><return name="" type="boolean"/><description/><shortdescription>Tests if the URI of a resource belongs to the RDF syntax/model namespace.</shortdescription></doc></function><function name="escapeValue" undoc="false" access="public"><doc><parameter name="$textValue" type="String"/><return name="" type="String"/><description/><shortdescription>Escapes &amp;lt; &amp;gt; and &amp;</shortdescription></doc></function><function name="getOrd" undoc="false" access="public"><doc><parameter name="$resource" type="object Resource"/><return name="" type="Integer"/><description>  e.g. Resource(RDF:_1) =&amp;gt; 1</description><shortdescription>Converts an ordinal RDF resource to an integer.</shortdescription></doc></function><function name="createOrd" undoc="false" access="public"><doc><parameter name="$num" type="Integer"/><return name="" type="object Resource"/><description/><shortdescription>Creates ordinal RDF resource out of an integer.</shortdescription></doc></function><function name="writeHTMLTable" undoc="false" access="public"><doc><parameter name="&amp;$model" type="object MemModel"/><return type="void"/><description>  You can change the colors in the configuration file.</description><shortdescription>Prints a MemModel as HTML table.</shortdescription></doc></function><function name="chooseColor" undoc="false" access="private"><doc><parameter name="$node" type="object Node"/><return name="" type="object Resource"/><description>  Used by RDFUtil::writeHTMLTable()</description><shortdescription>Chooses a node color.</shortdescription></doc></function><function name="getNodeTypeName" undoc="false" access="private"><doc><parameter name="$node" type="object Node"/><return name="" type="object Resource"/><description>  Used by RDFUtil::writeHTMLTable()</description><shortdescription>Get Node Type.</shortdescription></doc></function><inherited src="Object" type="functions"><element>tostring</element></inherited><path><parent>Object</parent></path><baseclass>Object</baseclass></class></phpdoc>