<?xml version="1.0"?><phpdoc><class name="RdqlParser" extends="Object" undoc="false" access="public" package="rdql"><file>C:/OpenSA_V2/Apache2/htdocs/rdfapi-php/api/rdql/RdqlParser.php</file><doc><author email="radol@gmx.de">Radoslaw Oldakowski</author><inherited src="Array"/><description>  The output of the RdqlParser is an array with variables and constraints   of each query clause (Select, From, Where, And, Using).   To perform an RDQL query this array has to be passed to the RdqlEngine.     &amp;lt;BR&amp;gt;&amp;lt;BR&amp;gt;History:&amp;lt;UL&amp;gt;   &amp;lt;LI&amp;gt;07-27-2003                : First release of this class&amp;lt;/LI&amp;gt;</description><shortdescription>This class contains methods for parsing an Rdql query string into PHP variables.</shortdescription><version>V0.7</version></doc><function name="parseQuery" undoc="false" access="public"><doc><parameter name="$queryString" type="string"/><return name="$this" type="array"> -&amp;gt;parsedQuery</return><description/><shortdescription>Parse the given RDQL query string and return an array with query variables and constraints.</shortdescription></doc></function><function name="removeComments" undoc="false" access="private"><doc><parameter name="$query" type="string"/><return name="" type="string"/><throws>PHPError</throws><description/><shortdescription>Remove comments from the passed query string.</shortdescription></doc></function><function name="tokenize" undoc="false" access="private"><doc><parameter name="$queryString" type="string"/><return type="void"/><description>  A token is either: &amp;apos; &amp;apos; or &amp;quot;\n&amp;quot; or &amp;quot;\r&amp;quot; or &amp;apos;\t&amp;apos; or &amp;apos;,&amp;apos; or &amp;apos;(&amp;apos; or &amp;apos;)&amp;apos;   or a string containing any character except from the above.</description><shortdescription>Divide the query string into tokens.</shortdescription></doc></function><function name="startParsing" undoc="false" access="private"><doc><return type="void"/><description/><shortdescription>Start parsing of the tokenized query string.</shortdescription></doc></function><function name="parseSelect" undoc="false" access="private"><doc><return type="void"/><throws>PhpError</throws><description>  When the parsing of the SELECT clause is finished, this method will call   a suitable method to parse the subsequent clause.</description><shortdescription>Parse the SELECT clause of an Rdql query.</shortdescription></doc></function><function name="parseFrom" undoc="false" access="private"><doc><return type="void"/><throws>PhpError</throws><description>  When the parsing of this clause is finished, parseWhere() will be called.</description><shortdescription>Parse the FROM/SOURCES clause of an Rdql query</shortdescription></doc></function><function name="parseWhere" undoc="false" access="private"><doc><return type="void"/><throws>PhpError</throws><description>  Parse the WHERE clause of an Rdql query.   When the parsing of the WHERE clause is finished, this method will call   a suitable method to parse the subsequent clause if provided.</description><shortdescription>&amp;apos;</shortdescription></doc></function><function name="parseAnd" undoc="false" access="private"><doc><return type="void"/><throws>PhpError</throws><description/><shortdescription>Parse the AND clause of an Rdql query</shortdescription></doc></function><function name="parseUsing" undoc="false" access="private"><doc><return type="void"/><throws>PhpError</throws><description/><shortdescription>Parse the USING clause of an Rdql query</shortdescription></doc></function><function name="parseFilter" undoc="false" access="private"><doc><parameter name="$n" type="integer"/><parameter name="$filter" type="string"/><return type="void"/><throws>PHPError</throws><description>  and parse filter expressions.</description><shortdescription>Check if a filter from the AND clause contains an equal number of &amp;apos;(&amp;apos; and &amp;apos;)&amp;apos;</shortdescription></doc></function><function name="parseExpressions" undoc="false" access="private"><doc><parameter name="$filterStr" type="string"/><return name="" type="array"> [&amp;apos;string&amp;apos;] = string&#x0a;                  [&amp;apos;evalFilterStr&amp;apos;] = string&#x0a;                  [&amp;apos;reqexEqExprs&amp;apos;][][&amp;apos;var&amp;apos;] = ?VARNAME&#x0a;                                    [&amp;apos;operator&amp;apos;] = (eq | ne)&#x0a;                                    [&amp;apos;regex&amp;apos;] = string&#x0a;                  [&amp;apos;strEqExprs&amp;apos;][][&amp;apos;var&amp;apos;] = ?VARNAME&#x0a;                                 [&amp;apos;operator&amp;apos;] = (eq | ne)&#x0a;                                 [&amp;apos;value&amp;apos;] = string&#x0a;                                 [&amp;apos;value_type&amp;apos;] = (&amp;apos;variable&amp;apos; | &amp;apos;URI&amp;apos; | &amp;apos;Literal&amp;apos;)&#x0a;                                 [&amp;apos;value_lang&amp;apos;] = string&#x0a;                                 [&amp;apos;value_dtype&amp;apos;] = string&#x0a;                  [&amp;apos;numExpr&amp;apos;][&amp;apos;vars&amp;apos;][] = ?VARNAME</return><description>  1)  regex equality expressions:    ?var [~~ | =~ | !~ ] REG_EX   2a) string equality expressions:   ?var  [eq | ne] &amp;quot;literal&amp;quot;@lang^^dtype.   2b) string equality expressions:   ?var [eq | ne] &amp;lt;URI&amp;gt;   3)  numerical expressions: e.q.    (?var1 - ?var2)*4 &amp;gt;= 20     In cases 1-2 parse each expression of the given filter into an array of variables.   For each parsed expression put a place holder (e.g. ##RegEx_1##) into the filterStr.   The RDQLengine will then replace each place holder with the outcomming boolean value   of the corresponding expression.   The remaining filterStr contains only numerical expressions and place holders.</description><shortdescription>Parse expressions inside the passed filter:</shortdescription></doc></function><function name="findAllQueryVariables" undoc="false" access="private"><doc><return name="" type="array"> [] = ?VARNAME</return><description/><shortdescription>Find all query variables used in the WHERE clause.</shortdescription></doc></function><function name="replaceNamespacePrefixes" undoc="false" access="private"><doc><return type="void"/><description>  with the namespaces declared in the USING clause and default namespaces.</description><shortdescription>Replace all namespace prefixes in the pattern and constraint clause of an rdql query</shortdescription></doc></function><function name="_clearWhiteSpaces" undoc="false" access="private"><doc><return type="void"/><description/><shortdescription>Remove whitespace-tokens from the array $this-&amp;gt;tokens</shortdescription></doc></function><function name="_checkComma" undoc="false" access="private"><doc><parameter name="$commaExpected" type="string"/><parameter name="$clause" type="string"/><return type="void"/><throws>PHPError</throws><description>  If a comma was correctly placed then remove it and clear all whitespaces.</description><shortdescription>Check if the query string of the given clause contains an undesired &amp;apos;,&amp;apos;.</shortdescription></doc></function><function name="_validateVarUri" undoc="false" access="private"><doc><parameter name="$token" type="string"/><return name="" type="array"> [&amp;apos;value&amp;apos;] = string</return><throws>PHPError</throws><description>  In case of an URI this function returns the whole URI string.</description><shortdescription>Check if the given token is either a variable (?var) or the first token of an URI (&amp;lt;URI&amp;gt;).</shortdescription></doc></function><function name="_validateVarUriLiteral" undoc="false" access="private"><doc><parameter name="$token" type="string"/><return name="" type="array"> [&amp;apos;value&amp;apos;] = string&#x0a;                [&amp;apos;is_literal&amp;apos;] = boolean&#x0a;                [&amp;apos;l_lang&amp;apos;] = string&#x0a;                [&amp;apos;l_dtype&amp;apos;] = string</return><throws>PHPError</throws><description>  of either an URI (&amp;lt;URI&amp;gt;) or a literal (&amp;quot;Literal&amp;quot;).   In case of a literal return an array with literal properties (value, language, datatype).   In case of a variable or an URI return only [&amp;apos;value&amp;apos;] = string.</description><shortdescription>Check if the given token is either a variable (?var) or the first token</shortdescription></doc></function><function name="_validateVar" undoc="false" access="private"><doc><parameter name="$token" type="string"/><parameter name="$clause" type="string"/><return name="" type="string"/><throws>PHPError</throws><description/><shortdescription>Check if the given token is a valid variable name (?var).</shortdescription></doc></function><function name="_validateUri" undoc="false" access="private"><doc><parameter name="$token" type="string"/><parameter name="$clause" type="string"/><return name="" type="string"/><throws>PHPError</throws><description/><shortdescription>Check if $token is the first token of a valid URI (&amp;lt;URI&amp;gt;) and return the whole URI string</shortdescription></doc></function><function name="_validateLiteral" undoc="false" access="private"><doc><parameter name="$token" type="string"/><return name="" type="array"> [&amp;apos;value&amp;apos;] = string&#x0a;                  [&amp;apos;is_literal&amp;apos;] = boolean&#x0a;                  [&amp;apos;l_lang&amp;apos;] = string&#x0a;                  [&amp;apos;l_dtype&amp;apos;] = string</return><throws>PHPError</throws><description>  return an array with literal properties (value, language, datatype).</description><shortdescription>Check if $token is the first token of a valid literal (&amp;quot;LITERAL&amp;quot;) and</shortdescription></doc></function><function name="_validatePrefix" undoc="false" access="private"><doc><parameter name="$token" type="string"/><return name="" type="string"/><throws>PHPError</throws><description/><shortdescription>Check if the given token is a valid namespace prefix.</shortdescription></doc></function><function name="_checkSelectVars" undoc="false" access="private"><doc><return type="void"/><description/><shortdescription>Check if all variables from the SELECT clause are defined in the WHERE clause</shortdescription></doc></function><function name="_isDefined" undoc="false" access="private"><doc><parameter name="$var" type="string"/><return name="" type="string"/><throws>PHPError</throws><description/><shortdescription>Check if the given variable is defined in the WHERE clause.</shortdescription></doc></function><function name="_checkRegExQuotation" undoc="false" access="private"><doc><parameter name="$filterString" type="string"/><parameter name="$lQuotMark" type="string"/><parameter name="$rQuotMark" type="string"/><return type="void"/><throws>PHPError</throws><description/><shortdescription>Throw an error if the regular expression from the AND clause is not quoted.</shortdescription></doc></function><variable name="$parsedQuery" access="private" type="array"><doc><description/><shortdescription>Parsed query variables and constraints.</shortdescription></doc></variable><variable name="$tokens" access="private" type="array"><doc><description>  A token is either: &amp;apos; &amp;apos; or &amp;quot;\n&amp;quot; or &amp;quot;\r&amp;quot; or &amp;quot;\t&amp;quot; or &amp;apos;,&amp;apos; or &amp;apos;(&amp;apos; or &amp;apos;)&amp;apos;   or a string containing any characters except from the above.</description><shortdescription>Query string divided into a sequence of tokens.</shortdescription></doc></variable><variable name="$reg_ex" access="private" type="string">&amp;quot;/(\?[a-zA-Z0-9_]+)\s+(eq|ne)\s+(\?[a-zA-Z0-9_]+)/i&amp;quot;<doc></doc></variable><inherited src="Object" type="functions"><element>tostring</element></inherited><path><parent>Object</parent></path><baseclass>Object</baseclass></class></phpdoc>