<?xml version="1.0"?><phpdoc><class name="Model" extends="Object" undoc="false" access="public" package="model"><file>C:/OpenSA_V2/Apache2/htdocs/rdfapi-php/api/model/Model.php</file><doc><author email="radol@gmx.de">Radoslaw Oldakowski</author><author email="mail@d-westphal.de">Daniel Westphal</author><inherited src="Array"/><description>  An RDF graph is a directed labeled graph, as described in http://www.w3.org/TR/rdf-mt/.   It can be defined as a set of &amp;lt;S, P, O&amp;gt; triples, where P is a uriref, S is either   a uriref or a blank node, and O is either a uriref, a blank node, or a literal.     &amp;lt;BR&amp;gt;&amp;lt;BR&amp;gt;History:&amp;lt;UL&amp;gt;   &amp;lt;LI&amp;gt;11-13-2003				 : Function saveAs added   &amp;lt;LI&amp;gt;07-27-2003                : This is an abstract parent class for MemModel and DbModel.                                   The previous class Model has been renamed to MemModel</description><shortdescription>A model is a programming interface to an RDF graph.</shortdescription><version>V0.7</version></doc><function name="Model" undoc="false" access="public"><doc><return type="void"/><throws>PHPError</throws><description/><shortdescription>Notice for people who are used to work with older versions of RAP.</shortdescription></doc></function><function name="getBaseURI" undoc="false" access="public"><doc><return name="" type="string"/><description/><shortdescription>Return current baseURI.</shortdescription></doc></function><function name="saveAs" undoc="false" access="public"><doc><parameter name="$filename" type="string"/><parameter name="$type" default="&amp;quot;rdf&amp;quot;" type="string">@throw     PhpError</parameter><return name="" type="boolean"/><description>  You can decide to which format the model should be serialized by using a   corresponding suffix-string as $type parameter. If no $type parameter   is placed this method will serialize the model to XML/RDF format.   Returns FALSE if the MemModel couldn&amp;apos;t be saved to the file.</description><shortdescription>Saves the RDF,N3 or N-Triple serialization of the MemModel to a file.</shortdescription></doc></function><function name="load" undoc="false" access="public"><doc><parameter name="$filename" type="string"/><parameter name="$type" default="NULL" type="resource"/><return type="void"/><description>  This function recognizes the suffix of the filename (.n3 or .rdf) and   calls a suitable parser, if no $type is given as string (&amp;quot;rdf&amp;quot; &amp;quot;n3&amp;quot; &amp;quot;nt&amp;quot;);   If the model is not empty, the contents of the file is added to this DbModel.</description><shortdescription>Load a model from a file containing RDF, N3 or N-Triples.</shortdescription></doc></function><variable name="$baseURI" access="private" type="string"><doc><description>  Affects creating of new resources and serialization syntax.</description><shortdescription>Base URI of the Model.</shortdescription></doc></variable><inherited src="Object" type="functions"><element>tostring</element></inherited><path><parent>Object</parent></path><baseclass>Object</baseclass><subclasses><subclass>DbModel</subclass><subclass>MemModel</subclass></subclasses></class></phpdoc>