<?xml version="1.0"?><phpdoc><class name="Statement" extends="Object" undoc="false" access="private" package="model"><file>C:/OpenSA_V2/Apache2/htdocs/rdfapi-php/api/model/Statement.php</file><doc><author email="chris@bizer.de">Chris Bizer</author><overriden src="Array"/><description>  In this implementation, a statement is not itself a resource.    If you want to use a a statement as subject or object of other statements,   you have to reify it first.       &amp;lt;BR&amp;gt;&amp;lt;BR&amp;gt;History:&amp;lt;UL&amp;gt;   &amp;lt;LI&amp;gt;05-30-2003                : Changed function compare(), added statementsorter($a,$b).&amp;lt;/LI&amp;gt;    &amp;lt;LI&amp;gt;02-21-2003                : getLabelSubject(), getLabelPredicate(), getLabelObject(), toStringSubject(), toStringPredicate(), toStringObject() added.&amp;lt;/LI&amp;gt;    &amp;lt;LI&amp;gt;09-10-2002                : First version of this class.&amp;lt;/LI&amp;gt;</description><shortdescription>An RDF statement.</shortdescription><version>V0.7</version></doc><function name="Statement" undoc="false" access="public"><doc><parameter name="$subj" type="object node"/><parameter name="$pred" type="object node"/><parameter name="$obj" type="object node"/><return type="void"/><throws>PhpError</throws><description/><shortdescription>The parameters to constructor are instances of classes and not just strings</shortdescription></doc></function><function name="getSubject" undoc="false" access="public"><doc><return name="" type="object node"/><description/><shortdescription>Returns the subject of the triple.</shortdescription></doc></function><function name="getPredicate" undoc="false" access="public"><doc><return name="" type="object node"/><description/><shortdescription>Returns the predicate of the triple.</shortdescription></doc></function><function name="getObject" undoc="false" access="public"><doc><return name="" type="object node"/><description/><shortdescription>Returns the object of the triple.</shortdescription></doc></function><function name="subject" undoc="false" access="public"><doc><return name="" type="object node"/><description/><shortdescription>Alias for getSubject()</shortdescription></doc></function><function name="predicate" undoc="false" access="public"><doc><return name="" type="object node"/><description/><shortdescription>Alias for getPredicate()</shortdescription></doc></function><function name="object" undoc="false" access="public"><doc><return name="" type="object node"/><description/><shortdescription>Alias for getObject()</shortdescription></doc></function><function name="hashCode" undoc="false" access="public"><doc><return name="" type="string"/><description/><shortdescription>Retruns the hash code of the triple.</shortdescription></doc></function><function name="toString" undoc="true" access="public"><doc><return name="" type="string"/><overriden src="Object"/><description/><shortdescription>Dumps the triple.</shortdescription></doc></function><function name="toStringSubject" undoc="false" access="public"><doc><return name="" type="string"/><description/><shortdescription>Returns a toString() serialization of the statements&amp;apos;s subject.</shortdescription></doc></function><function name="toStringPredicate" undoc="false" access="public"><doc><return name="" type="string"/><description/><shortdescription>Returns a toString() serialization of the statements&amp;apos;s predicate.</shortdescription></doc></function><function name="toStringObject" undoc="false" access="public"><doc><return name="" type="string"/><description/><shortdescription>Reurns a toString() serialization of the statements&amp;apos;s object.</shortdescription></doc></function><function name="getLabelSubject" undoc="false" access="public"><doc><return name="" type="string"/><description/><shortdescription>Returns the URI or bNode identifier of the statements&amp;apos;s subject.</shortdescription></doc></function><function name="getLabelPredicate" undoc="false" access="public"><doc><return name="" type="string"/><description/><shortdescription>Returns the URI of the statements&amp;apos;s predicate.</shortdescription></doc></function><function name="getLabelObject" undoc="false" access="public"><doc><return name="" type="string"/><description/><shortdescription>Reurns the URI, text or bNode identifier of the statements&amp;apos;s object.</shortdescription></doc></function><function name="equals" undoc="false" access="public"><doc><parameter name="$that" type="object statement"/><return name="" type="boolean"/><description>  Two statements are considered to be equal if they have the   same subject, predicate and object. A statement can only be equal    to another statement object.</description><shortdescription>Checks if two statements are equal.</shortdescription></doc></function><function name="compare" undoc="false" access="public"><doc><parameter name="&amp;$that" type="object statement"/><return name="" type="boolean"/><description>  Can be used for writing sorting function for models or with the PHP function usort().</description><shortdescription>Compares two statements and returns integer less than, equal to, or greater than zero.</shortdescription></doc></function><function name="reify" undoc="false" access="public"><doc><parameter name="&amp;$model_or_bNodeID" type="mixed"/><return name="" type="object model"/><description>  Returns a new MemModel that is the reification of the statement.   For naming the statement&amp;apos;s bNode a Model or bNodeID must be passed to the method.</description><shortdescription>Reifies a statement.</shortdescription></doc></function><function name="statementsorter" undoc="false" access="private"><doc><parameter name="$a" type="object Statement"/><parameter name="$b" type="object Statement"/><return name="" type="integer">less than, equal to, or greater than zero</return><throws>phpErrpr</throws><description>  statementsorter() is used by the PHP function usort ( array array, callback cmp_function)</description><shortdescription>Comparison function for comparing two statements.</shortdescription></doc></function><function name="usort" undoc="true" access="private"><doc><parameter name="$a" undoc="true"/><parameter name="$a" undoc="true"/><parameter name="$a" undoc="true"/><parameter name="$a" undoc="true"/><parameter name="$a" undoc="true"/><parameter name="$a" undoc="true"/><parameter name="$a" undoc="true"/><parameter name="$a" undoc="true"/><parameter name="$a" undoc="true"/><parameter name="$a" undoc="true"/><parameter name="$a" undoc="true"/><parameter name="$a" undoc="true"/><parameter name="$a" undoc="true"/><parameter name="$a" undoc="true"/><parameter name="$a" undoc="true"/><parameter name="$a" undoc="true"/><parameter name="$a" undoc="true"/><parameter name="$a" undoc="true"/><parameter name="$a" undoc="true"/><parameter name="$a" undoc="true"/><parameter name="$a" undoc="true"/><parameter name="$a" undoc="true"/><parameter name="$a" undoc="true"/><parameter name="$a" undoc="true"/><parameter name="$a" undoc="true"/><parameter name="$a" undoc="true"/><parameter name="$a" undoc="true"/><parameter name="$a" undoc="true"/><parameter name="$a" undoc="true"/><parameter name="$a" undoc="true"/><parameter name="$a" undoc="true"/><parameter name="$a" undoc="true"/><parameter name="$a" undoc="true"/><parameter name="$a" undoc="true"/><parameter name="$a" undoc="true"/><parameter name="$a" undoc="true"/><parameter name="$a" undoc="true"/><parameter name="$a" undoc="true"/><parameter name="$a" undoc="true"/><parameter name="$a" undoc="true"/><parameter name="$a" undoc="true"/><parameter name="$a" undoc="true"/><parameter name="$a" undoc="true"/><parameter name="$b" undoc="true"/><parameter name="$b" undoc="true"/><parameter name="$b" undoc="true"/><parameter name="$b" undoc="true"/><parameter name="$b" undoc="true"/><parameter name="$b" undoc="true"/><parameter name="$b" undoc="true"/><parameter name="$b" undoc="true"/><parameter name="$b" undoc="true"/><parameter name="$b" undoc="true"/><parameter name="$b" undoc="true"/><parameter name="$b" undoc="true"/><parameter name="$b" undoc="true"/><parameter name="$b" undoc="true"/><parameter name="$b" undoc="true"/><parameter name="$a" undoc="true"/><parameter name="$a" undoc="true"/><parameter name="$a" undoc="true"/><parameter name="$a" undoc="true"/><parameter name="$a" undoc="true"/><parameter name="$a" undoc="true"/><parameter name="$a" undoc="true"/><parameter name="$a" undoc="true"/><parameter name="$a" undoc="true"/><parameter name="$a" undoc="true"/><parameter name="$a" undoc="true"/><parameter name="$a" undoc="true"/><parameter name="$a" undoc="true"/><parameter name="$a" undoc="true"/><parameter name="$a" undoc="true"/><parameter name="$a" undoc="true"/><parameter name="$a" undoc="true"/><parameter name="$a" undoc="true"/><parameter name="$a" undoc="true"/><parameter name="$a" undoc="true"/><parameter name="$a" undoc="true"/><parameter name="$a" undoc="true"/><parameter name="$a" undoc="true"/><parameter name="$a" undoc="true"/><parameter name="$a" undoc="true"/><parameter name="$a" undoc="true"/><parameter name="$a" undoc="true"/><parameter name="$a" undoc="true"/><parameter name="$a" undoc="true"/><parameter name="$a" undoc="true"/><parameter name="$a" undoc="true"/><parameter name="$a" undoc="true"/><parameter name="$a" undoc="true"/><parameter name="$a" undoc="true"/><parameter name="$a" undoc="true"/><parameter name="$a" undoc="true"/><parameter name="$a" undoc="true"/><parameter name="$a" undoc="true"/><parameter name="$b" undoc="true"/><return type="void"/></doc></function><variable name="$subj" access="private" type="object resource"><doc><description/><shortdescription>Subject of the statement</shortdescription></doc></variable><variable name="$pred" access="private" type="object resource"><doc><description/><shortdescription>Predicate of the statement</shortdescription></doc></variable><variable name="$obj" access="private" type="object node"><doc><description/><shortdescription>Object of the statement</shortdescription></doc></variable><path><parent>Object</parent></path><baseclass>Object</baseclass></class></phpdoc>