<?xml version="1.0"?><phpdoc><class name="RdqlEngine" extends="Object" undoc="false" access="public" package="rdql"><file>C:/OpenSA_V2/Apache2/htdocs/rdfapi-php/api/rdql/RdqlEngine.php</file><doc><author email="radol@gmx.de">Radoslaw Oldakowski</author><inherited src="Array"/><description>    &amp;lt;BR&amp;gt;&amp;lt;BR&amp;gt;History:&amp;lt;UL&amp;gt;   &amp;lt;LI&amp;gt;07-27-2003                : First version of this class&amp;lt;/LI&amp;gt;</description><shortdescription>Some general methods common for RdqlMemEngine and RdqlDbEngine</shortdescription><version>V0.7</version></doc><function name="writeQueryResultAsHtmlTable" undoc="false" access="private"><doc><parameter name="$queryResult" type="array">[][?VARNAME] = object Node</parameter><return type="void"/><description>  You can change the colors in the configuration file.</description><shortdescription>Prints a query result as HTML table.</shortdescription></doc></function><inherited src="Object" type="functions"><element>tostring</element></inherited><path><parent>Object</parent></path><baseclass>Object</baseclass><subclasses><subclass>RdqlDbEngine</subclass><subclass>RdqlMemEngine</subclass></subclasses></class></phpdoc>