<?xml version="1.0"?><phpdoc><class name="RdqlDbEngine" extends="RdqlEngine" undoc="false" access="public" package="rdql"><file>C:/OpenSA_V2/Apache2/htdocs/rdfapi-php/api/rdql/RdqlDbEngine.php</file><doc><author email="radol@gmx.de">Radoslaw Oldakowski</author><inherited src="Array"/><overriden src="Array"/><description>    Provided an rdql query parsed into an array of php variables and constraints   at first the engine generates an sql statement and queries the database for   tuples matching all patterns from the WHERE clause of the given RDQL query.   Subsequently the result set is is filtered with evaluated boolean expressions   from the AND clause of the given RDQL query.     &amp;lt;BR&amp;gt;&amp;lt;BR&amp;gt;History:&amp;lt;UL&amp;gt;   &amp;lt;LI&amp;gt;08-29-2003                : Function filterTuples(): some bugs fixed:                                   - strEqExpr with NE operator                                   - regExExpr combined with other expr. and negation (!)                                     e.g. !(?x ~~ &amp;quot;/sth/&amp;quot; &amp;&amp; ?x &amp;gt; 5)   &amp;lt;LI&amp;gt;07-27-2003                : First version of this class&amp;lt;/LI&amp;gt;</description><shortdescription>This class performs as RDQL query on a DbModel.</shortdescription><version>V0.7</version></doc><function name="queryModel" undoc="false" access="public"><doc><parameter name="&amp;$dbModel" type="object DbModel"/><parameter name="&amp;$parsedQuery" type="array">(the same format as $this-&amp;gt;parsedQuery)</parameter><parameter name="$returnNodes" default="TRUE" type="boolean"/><return name="" type="array"> [][?VARNAME] = object Node  (if $returnNodes = TRUE)&#x0a;      OR  array   [][?VARNAME] = string</return><description/><shortdescription>Perform an RDQL Query on the given DbModel.</shortdescription></doc></function><function name="generateSql" undoc="false" access="private"><doc><parameter name="$modelID" type="integer"/><return name="" type="string"/><description>  of $parsedQuery.</description><shortdescription>Generate an SQL string to query the database for tuples matching all patterns</shortdescription></doc></function><function name="generateSql_SelectClause" undoc="false" access="private"><doc><return name="" type="string"/><throws>PHPError</throws><description/><shortdescription>Generate SQL SELECT clause.</shortdescription></doc></function><function name="generateSql_FromClause" undoc="false" access="private"><doc><return name="" type="string"/><description/><shortdescription>Generate SQL FROM clause</shortdescription></doc></function><function name="generateSql_WhereClause" undoc="false" access="private"><doc><parameter name="$modelID" type="integer"/><return name="" type="string"/><description/><shortdescription>Generate an SQL WHERE clause</shortdescription></doc></function><function name="filterQueryResult" undoc="false" access="private"><doc><parameter name="&amp;$recordSet" type="object ADORecordSet"/><return name="" type="array"> [][?VARNAME][&amp;apos;value&amp;apos;]   = string&#x0a;                             [&amp;apos;nType&amp;apos;]   = string&#x0a;                             [&amp;apos;l_lang&amp;apos;]  = string&#x0a;                             [&amp;apos;l_dtype&amp;apos;] = string</return><description>  of an RDQL query. As a result of a database query using ADOdb these tuples   are returned as an ADORecordSet object, which is then passed to this function.</description><shortdescription>Filter tuples containing variables matching all patterns from the WHERE clause</shortdescription></doc></function><function name="toString" undoc="true" access="private"><doc><parameter name="&amp;$queryResult" type="array">[][?VARNAME][&amp;apos;value&amp;apos;]   = string&#x0a;                                           [&amp;apos;nType&amp;apos;]   = string&#x0a;                                           [&amp;apos;l_lang&amp;apos;]  = string&#x0a;                                           [&amp;apos;l_dtype&amp;apos;] = string</parameter><return name="" type="array"> [][?VARNAME] = string</return><overriden src="Object"/><description/><shortdescription>Serialize variable values of $queryResult to string.</shortdescription></doc></function><function name="toNodes" undoc="false" access="private"><doc><parameter name="&amp;$queryResult" type="array">[][?VARNAME][&amp;apos;value&amp;apos;]   = string&#x0a;                                           [&amp;apos;nType&amp;apos;]   = string&#x0a;                                           [&amp;apos;l_lang&amp;apos;]  = string&#x0a;                                           [&amp;apos;l_dtype&amp;apos;] = string</parameter><return name="" type="array"> [][?VARNAME] = object Node</return><description/><shortdescription>Convert variable values of $queryResult to objects (Node).</shortdescription></doc></function><function name="_generateSql_SelectVar" undoc="false" access="private"><doc><parameter name="$varName" type="string"/><return name="" type="string"/><description>  Look first if the given variable is defined as a pattern object.   (So you can select the node type, literal lang and dtype)   If not found - look for subjects and select node label and type.   If there is no result either go to predicates.   Predicates are always resources therefore select only the node label.</description><shortdescription>Generate a piece of an sql select statement for a variable.</shortdescription></doc></function><function name="_convertRsRowToQueryResultRow" undoc="false" access="private"><doc><parameter name="&amp;$record" type="array">[] = string</parameter><return name="" type="array"> [?VARNAME][&amp;apos;value&amp;apos;]   = string&#x0a;                           [&amp;apos;nType&amp;apos;]   = string&#x0a;                           [&amp;apos;l_lang&amp;apos;]  = string&#x0a;                           [&amp;apos;l_dtype&amp;apos;] = string</return><description>  $queryResult array using pointers to indexes ($this-&amp;gt;rsIndexes) in RecordSet-&amp;gt;fields.</description><shortdescription>Converts a single row of ADORecordSet-&amp;gt;fields array to the format of</shortdescription></doc></function><function name="filterTuples" undoc="true" access="private"><doc><return type="void"/></doc></function><variable name="$parsedQuery" access="private" type="array"><doc><description/><shortdescription>Parsed query variables and constraints.</shortdescription></doc></variable><variable name="$rsIndexes" access="private" type="array"><doc><description>  in database for triples matching the Rdql-WHERE clause. A recordSet is returned.   $rsIndexes maps select and filter variables to their corresponding indexes   in the returned recordSet.</description><shortdescription>When an RDQL query is performed on a DbModel, in first step the engine searches</shortdescription></doc></variable><inherited src="RdqlEngine" type="functions"><element>writequeryresultashtmltable</element></inherited><path><parent>RdqlEngine</parent><parent>Object</parent></path><baseclass>Object</baseclass></class></phpdoc>