<?xml version="1.0"?><phpdoc><class name="NTripleSerializer" extends="Object" undoc="false" access="public" package="syntax"><file>C:/OpenSA_V2/Apache2/htdocs/rdfapi-php/api/syntax/NTripleSerializer.php</file><doc><author email="mail@d-westphal.de">Daniel Westphal</author><inherited src="Array"/><description>     This class serialises models to N-Triple Syntax.        &amp;lt;b&amp;gt;History:&amp;lt;/b&amp;gt;   &amp;lt;ul&amp;gt;   &amp;lt;li&amp;gt;11-15-2003 Initial version&amp;lt;/li&amp;gt;   &amp;lt;/ul&amp;gt;</description><shortdescription>PHP N-Triple Serializer</shortdescription><version>V0.7</version></doc><function name="NTripleSerializer" undoc="false" access="public"><doc><return type="void"/><description/><shortdescription>Constructor</shortdescription></doc></function><function name="serialize" undoc="false" access="public"><doc><parameter name="&amp;$m" type="object Model"/><return name="" type="string"/><description/><shortdescription>Serializes a model to N Triple syntax.</shortdescription></doc></function><function name="saveAs" undoc="false" access="public"><doc><parameter name="&amp;$model" type="object MemModel"/><parameter name="$filename" type="string"/><return name="" type="boolean"/><description>  Returns FALSE if the model couldn&amp;apos;t be saved to the file.</description><shortdescription>Serializes a model and saves it into a file.</shortdescription></doc></function><function name="reset" undoc="false" access="private"><doc><return type="void"/><description/><shortdescription>Readies this object for serializing another model</shortdescription></doc></function><variable name="$debug" access="private" type="unknown"><doc></doc></variable><variable name="$model" access="private" type="unknown"><doc></doc></variable><variable name="$res" access="private" type="unknown"><doc></doc></variable><inherited src="Object" type="functions"><element>tostring</element></inherited><path><parent>Object</parent></path><baseclass>Object</baseclass></class></phpdoc>