<?xml version="1.0"?><phpdoc><class name="N3Parser" extends="Object" undoc="false" access="public" package="syntax"><file>C:/OpenSA_V2/Apache2/htdocs/rdfapi-php/api/syntax/N3Parser.php</file><doc><author email="sean@mysterylights.com">Sean B. Palmer</author><author email="ggrimnes@csd.abdn.ac.uk">Gunnar AA. Grimnes</author><author email="mail@d-westphal.de">Daniel Westphal</author><inherited src="Array"/><description>     This parser can parse a subset of n3, reporting triples to a callback function    or constructing a RAP Model ( http://www.wiwiss.fu-berlin.de/suhl/bizer/rdfapi )      Supported N3 features:    &amp;lt;ul&amp;gt;     &amp;lt;li&amp;gt;Standard things, repeated triples ( ; and , ), blank nodes using [ ], self-reference (&amp;apos;&amp;lt;&amp;gt;&amp;apos;)&amp;lt;/li&amp;gt;     &amp;lt;li&amp;gt;@prefix mappings&amp;lt;/li&amp;gt;     &amp;lt;li&amp;gt;= maps to owl#sameAs&amp;lt;/li&amp;gt;     &amp;lt;li&amp;gt;a maps to rdf-syntax-ns#type&amp;lt;/li&amp;gt;     &amp;lt;li&amp;gt;Literal datytype- and xmlLanguageTag support    &amp;lt;/ul&amp;gt;   Un-supported N3 Features include:    &amp;lt;ul&amp;gt;     &amp;lt;li&amp;gt;Reification using { }&amp;lt;/li&amp;gt;     &amp;lt;li&amp;gt;. and ^ operators for tree traversal&amp;lt;/li&amp;gt;     &amp;lt;li&amp;gt;Any log operators, like log:forAll etc.&amp;lt;/li&amp;gt;   &amp;lt;/ul&amp;gt;     This parser is based on n3.py from Epp released 2nd March, 2002.    by Sean B. Palmer    ( http://infomesh.net/2002/eep/20020302-013802/n3.py )      This parser is released under the GNU GPL license.   ( http://www.gnu.org/licenses/gpl.txt )       &amp;lt;b&amp;gt;History:&amp;lt;/b&amp;gt;   &amp;lt;ul&amp;gt;   &amp;lt;LI&amp;gt;11-18-2003 Changed xml:language regex for supporting lang-tags like en-uk.&amp;lt;/li&amp;gt;   &amp;lt;li&amp;gt;11-07-2003 Added &amp;quot;setFixBnodes&amp;quot; function. Sets, if Bnodes should be renamed to the BNODE_PREFIX constant.&amp;lt;/li&amp;gt;   &amp;lt;li&amp;gt;10-27-2003 fixed problems in generateModel(), changed regEx for Literals.&amp;lt;/li&amp;gt;   &amp;lt;li&amp;gt;10-24-2003 Added support for Literals with rdf:DataType and xml:Language Tags. URI-Self-Reference with &amp;apos;&amp;lt;&amp;gt;&amp;apos; is supported.&amp;lt;/li&amp;gt;   &amp;lt;li&amp;gt;08-01-2003 Made compatible with new v6 MemModel.&amp;lt;/li&amp;gt;   &amp;lt;li&amp;gt;07-31-2003 Function generateModel() added.&amp;lt;/li&amp;gt;   &amp;lt;li&amp;gt;07-16-2003 Fixed bug with anon nodes alone on a line.&amp;lt;/li&amp;gt;    &amp;lt;li&amp;gt;06-08-2003 Initial version converted from n3.py.&amp;lt;/li&amp;gt;   &amp;lt;/ul&amp;gt;</description><shortdescription>PHP Notation3 Parser</shortdescription><version>V0.7</version></doc><function name="N3Parser" undoc="false" access="public"><doc><return type="void"/><description/><shortdescription>Constructor</shortdescription></doc></function><function name="setFixBnodes" undoc="false" access="public"><doc><parameter name="$set" type="boolean"/><return type="void"/><description>  default is &amp;quot;false&amp;quot; -&amp;gt; the used label in n3 is parsed to the model</description><shortdescription>Sets, if BlankNode labels should be replaced by the generic label from the constants.php file</shortdescription></doc></function><function name="parse" undoc="false" access="public"><doc><parameter name="$s" type="string"/><return type="void"/><description/><shortdescription>This parses a N3 string and prints out the triples</shortdescription></doc></function><function name="uparse" undoc="false" access="public"><doc><parameter name="$s" type="string"/><parameter name="$func" type="string"/><return type="void"/><description/><shortdescription>This parses a N3 string and calls func($subject, $predicate, $object) with each trioke</shortdescription></doc></function><function name="parse2model" undoc="false" access="public"><doc><parameter name="$s" type="string"/><return name="" type="object Model">*</return><description/><shortdescription>This parses a N3 string and prints out the triples</shortdescription></doc></function><function name="generateModel" undoc="false" access="public"><doc><parameter name="$path" undoc="true"/><return name="" type="object MemModel"/><throws>PhpError</throws><description/><shortdescription>Generate a new MemModel from an URI or file.</shortdescription></doc></function><function name="isWS" undoc="false" access="private"><doc><parameter name="$s" type="string">*</parameter><return type="void"/><description/><shortdescription>Returns FALSE if argument is a whitespace character</shortdescription></doc></function><function name="trimLine" undoc="false" access="private"><doc><parameter name="&amp;$l" type="string">*</parameter><parameter name="$i" undoc="true"/><return type="void"/><description/><shortdescription>Callback function for trimming whitespace from lines</shortdescription></doc></function><function name="notComment" undoc="false" access="private"><doc><parameter name="$s" type="string"/><return name="" type="boolean"> *</return><description/><shortdescription>Returns true if the string is not a comment</shortdescription></doc></function><function name="filterWs" undoc="false" access="private"><doc><parameter name="$list" type="array">*</parameter><return type="void"/><description/><shortdescription>Removes all whitespace tokens from list</shortdescription></doc></function><function name="getSpan" undoc="false" access="private"><doc><parameter name="$list" type="array"/><parameter name="$start" type="integer"/><parameter name="$end" type="integer">*</parameter><return name="" type="array"/><description>  Returns the wanted slice, as well as the remainder of the array.   e.g. getSpan([&amp;apos;p&amp;apos;, &amp;apos;q&amp;apos;, &amp;apos;r&amp;apos;], 1, 2) gives ([&amp;apos;q&amp;apos;], [&amp;apos;p&amp;apos;, &amp;apos;r&amp;apos;])</description><shortdescription>Gets a slice of an array.</shortdescription></doc></function><function name="array_concat" undoc="false" access="private"><doc><parameter name="$a" type="array"/><parameter name="$b" type="array"/><return name="" type="array"/><description/><shortdescription>Concatenates two arrays</shortdescription></doc></function><function name="posns" undoc="false" access="private"><doc><parameter name="$list" type="array"/><parameter name="$item" type="string"/><return name="" type="array"/><description/><shortdescription>Returns an array with all indexes where item appears in list</shortdescription></doc></function><function name="toke" undoc="false" access="private"><doc><parameter name="$s" type="string"/><return name="" type="array"/><description/><shortdescription>Returns a list of tokens</shortdescription></doc></function><function name="listify" undoc="false" access="private"><doc><parameter name="$list" type="array"/><parameter name="$start" type="integer"/><parameter name="$end" type="integer"/><return name="" type="array"/><description>  e.g. listify([&amp;quot;a&amp;quot;,&amp;quot;b&amp;quot;,&amp;quot;c&amp;quot;,&amp;quot;d&amp;quot;],1,2) =&amp;gt; [&amp;quot;a&amp;quot;,&amp;quot;b c&amp;quot;, &amp;quot;d&amp;quot;]</description><shortdescription>Returns a list with the elements between start and end as one quoted string</shortdescription></doc></function><function name="getPrefixes" undoc="false" access="private"><doc><parameter name="$list" type="array"/><return name="" type="array"> *</return><description/><shortdescription>Returns an array with prefixes=&amp;gt;namespace mappings</shortdescription></doc></function><function name="replace_a_type" undoc="false" access="private"><doc><parameter name="&amp;$l" type="string"/><parameter name="$p" undoc="true"/><return type="void"/><description/><shortdescription>Callback function for replacing &amp;quot;a&amp;quot; elements with the right RDF uri.</shortdescription></doc></function><function name="replace_equal" undoc="false" access="private"><doc><parameter name="&amp;$l" type="string"/><parameter name="$p" undoc="true"/><return type="void"/><description/><shortdescription>Callback function for replacing &amp;quot;=&amp;quot; elements with the right DAML+OIL uri.</shortdescription></doc></function><function name="replace_this" undoc="false" access="private"><doc><parameter name="$l" type="string"/><parameter name="$p" undoc="true"/><return type="void"/><description/><shortdescription>Callback function for replacing &amp;quot;this&amp;quot; elements with the right RDF uri.</shortdescription></doc></function><function name="applyStuff" undoc="false" access="private"><doc><parameter name="$prefixes" type="array"/><parameter name="$list" type="array"/><return type="void"/><description>  Expands namespace prefixes etc.</description><shortdescription>Applies stuff :)</shortdescription></doc></function><function name="getStatements" undoc="false" access="private"><doc><parameter name="$list" type="array"/><return name="" type="array"/><description/><shortdescription>Returns an array of triples extracted from the list of n3 tokens</shortdescription></doc></function><function name="getPovs" undoc="false" access="private"><doc><parameter name="$list" type="array"/><return name="" type="array"> @acces private&#x0a;*</return><description>  e.g. :Gunnar :firstname &amp;quot;Gunnar&amp;quot; ; :lastname &amp;quot;Grimnes.</description><shortdescription>Gets a list of triples with same subject</shortdescription></doc></function><function name="getObjs" undoc="false" access="private"><doc><parameter name="$list" type="array"/><return name="" type="array"> *</return><description>  e.g. :Gunnar :likes &amp;quot;Cheese&amp;quot;, &amp;quot;Wine&amp;quot;.</description><shortdescription>Gets a list of triples with same predicate</shortdescription></doc></function><function name="statementize" undoc="false" access="private"><doc><parameter name="$list" type="array"/><return name="" type="array"/><description/><shortdescription>Does the real work, returns a list of subject, predicate, object triples.</shortdescription></doc></function><function name="doLists" undoc="false" access="private"><doc><parameter name="$list" type="array"/><parameter name="$schar" type="string"/><parameter name="$echar" type="string"/><return name="" type="array"/><description>  e.g. doLists([&amp;quot;a&amp;quot;,&amp;quot;b&amp;quot;,&amp;quot;[&amp;quot;,&amp;quot;c&amp;quot;,&amp;quot;]&amp;quot;,&amp;quot;d&amp;quot;], &amp;quot;[&amp;quot;,&amp;quot;]&amp;quot;)=&amp;gt; [&amp;quot;a&amp;quot;,&amp;quot;b&amp;quot;, [&amp;quot;c&amp;quot;], &amp;quot;d&amp;quot;]</description><shortdescription>Makes lists of elements in list into a seperate array element.</shortdescription></doc></function><function name="listStuff" undoc="false" access="private"><doc><parameter name="$list" type="array"/><return name="" type="array"/><description/><shortdescription>Apply doLists for all different types of list.</shortdescription></doc></function><function name="bnodeID" undoc="false" access="private"><doc><return name="" type="string"> *</return><description/><shortdescription>Generates a new node id.</shortdescription></doc></function><function name="fixAnon" undoc="false" access="private"><doc><parameter name="$list" type="array"/><return name="" type="array"> *</return><description/><shortdescription>This makes bNodes out of variables like _:a etc.</shortdescription></doc></function><function name="expandLists" undoc="false" access="private"><doc><parameter name="$list" type="array"/><return name="" type="array"> *</return><description/><shortdescription>This makes [ ] lists into bnodes.</shortdescription></doc></function><function name="n3tolist" undoc="false" access="private"><doc><parameter name="$s" type="string"/><return name="" type="array"/><description/><shortdescription>Main work-horse function. This converts a N3 string to a list of statements</shortdescription></doc></function><function name="toRDFNode" undoc="false" access="private"><doc><parameter name="$s" type="string"/><parameter name="$state" undoc="true"/><return name="" type="object RDFNode">*</return><description/><shortdescription>Constructs a RAP RDFNode from URI/Literal/Bnode</shortdescription></doc></function><variable name="$Tokens" access="private" type="unknown"><doc></doc></variable><variable name="$bNode" access="private" type="unknown"><doc></doc></variable><variable name="$RDF_NS" access="private" type="unknown"><doc></doc></variable><variable name="$debug" access="private" type="unknown"><doc></doc></variable><inherited src="Object" type="functions"><element>tostring</element></inherited><path><parent>Object</parent></path><baseclass>Object</baseclass></class></phpdoc>