<?xml version="1.0"?><phpdoc><class name="RdfSerializer" extends="Object" undoc="false" access="public" package="syntax"><file>C:/OpenSA_V2/Apache2/htdocs/rdfapi-php/api/syntax/RdfSerializer.php</file><doc><author email="chris@bizer.de">Chris Bizer</author><author email="motik@fzi.de">Boris Motik</author><author email="dawe@gmx.de">Daniel Westphal</author><author email="llopez@xinergiaargentina.com">Leandro Mariano Lopez</author><inherited src="Array"/><description>  Seralizes models to RDF syntax. It supports the xml:base, xml:lang, rdf:datatype and   rdf:nodeID directive.   You can choose between different output syntaxes by using the configuration methods   or changing the configuration default values in constants.php.   This class is based on the java class edu.unika.aifb.rdf.api.syntax.RDFSerializer by Boris Motik.     &amp;lt;BR&amp;gt;&amp;lt;BR&amp;gt;History:&amp;lt;UL&amp;gt;   &amp;lt;LI&amp;gt;11-17-2003                : Support for XMLLiterals added.&amp;lt;/LI&amp;gt;   &amp;lt;LI&amp;gt;07-27-2003                : Functions addapted to the new class tree (MemModel extends Model)&amp;lt;/LI&amp;gt;   &amp;lt;LI&amp;gt;07-24-2003                : Bug in writeAbsoluteResourceReference() fixed by Paul Cowles(paul@semaview.com) &amp;lt;/LI&amp;gt;   &amp;lt;LI&amp;gt;02-21-2003                : saveAs method added.&amp;lt;/LI&amp;gt;    &amp;lt;LI&amp;gt;02-12-2003                : rdf:type and bNode reference bug fixed.&amp;lt;/LI&amp;gt;    &amp;lt;LI&amp;gt;01-15-2003                : pass-by-reference bug fixed.&amp;lt;/LI&amp;gt;   &amp;lt;LI&amp;gt;01-10-2003                : rdf:datatype and $useAttributes bug fixed.&amp;lt;/LI&amp;gt;   &amp;lt;LI&amp;gt;12-04-2002                : Added support for rdf:datatype (writeContentStatements())&amp;lt;/LI&amp;gt;   &amp;lt;LI&amp;gt;12-04-2002                : Added rdf:nodeID attribute for blank nodes (writeSubjectURI, writeResourceReference)&amp;lt;/LI&amp;gt;   &amp;lt;LI&amp;gt;10-03-2002                : Bug in collectNamespaces() fixed.&amp;lt;/LI&amp;gt;   &amp;lt;LI&amp;gt;09-15-2002                : First version of this class.&amp;lt;/LI&amp;gt;   &amp;lt;/UL&amp;gt;</description><shortdescription>An RDF seralizer.</shortdescription><version>V0.7</version></doc><function name="RdfSerializer" undoc="false" access="public"><doc><return type="void"/><description/><shortdescription>Constructor</shortdescription></doc></function><function name="configSortModel" undoc="false" access="public"><doc><parameter name="$bool" type="boolean"/><return type="void"/><description>  Flag if the serializer should sort the model by subject before serializing.   TRUE makes the RDF code more compact.   TRUE is default. Default can be changed in constants.php.</description><shortdescription>Serializer congiguration: Sort Model</shortdescription></doc></function><function name="configUseEntities" undoc="false" access="public"><doc><parameter name="$bool" type="boolean"/><return type="void"/><description>  Flag if the serializer should use entities for URIs.   TRUE makes the RDF code more compact.   FALSE is default. Default can be changed in constants.php.</description><shortdescription>Serializer congiguration: Use Entities</shortdescription></doc></function><function name="configUseAttributes" undoc="false" access="public"><doc><parameter name="$bool" type="boolean"/><return type="void"/><description>  Flag if the serializer should serialize triples as XML attributes where possible.   TRUE makes the RDF code more compact.   FALSE is default. Default can be changed in constants.php.</description><shortdescription>Serializer congiguration: Use Attributes</shortdescription></doc></function><function name="configUseQnames" undoc="false" access="public"><doc><parameter name="$bool" type="boolean"/><return type="void"/><description>  Flag if the serializer should use qualified names for RDF reserved words.   TRUE makes the RDF code more compact.   TRUE is default. Default can be changed in constants.php.</description><shortdescription>Serializer congiguration: Use Qnames</shortdescription></doc></function><function name="configUseXmlDeclaration" undoc="false" access="public"><doc><parameter name="$bool" type="boolean"/><return type="void"/><description>  Flag if the serializer should start documents with the xml declaration   &amp;lt;?xml version=&amp;quot;1.0&amp;quot; encoding=&amp;quot;UTF-8&amp;quot; ?&amp;gt;.   TRUE is default. Default can be changed in constants.php.</description><shortdescription>Serializer congiguration: Use XML Declaration</shortdescription></doc></function><function name="addNamespacePrefix" undoc="false" access="public"><doc><parameter name="$prefix" type="String"/><parameter name="$namespace" type="String"/><return type="void"/><description/><shortdescription>Adds a new prefix/namespace combination.</shortdescription></doc></function><function name="serialize" undoc="false" access="public"><doc><parameter name="&amp;$model" type="object MemModel"/><parameter name="$encoding" default="DEFAULT_ENCODING" type="constant"/><return name="" type="string"/><description>  RDF syntax can be changed by config_use_attributes($boolean), config_use_entities($boolean),   config_sort_model($boolean).</description><shortdescription>Serializes a model to RDF syntax.</shortdescription></doc></function><function name="saveAs" undoc="false" access="public"><doc><parameter name="&amp;$model" type="object MemModel"/><parameter name="$filename" type="String"/><parameter name="$encoding" type="constant" undoc="true"/><return name="" type="boolean"/><description>  Returns FALSE if the model couldn&amp;apos;t be saved to the file.</description><shortdescription>Serializes a model and saves it into a file.</shortdescription></doc></function><function name="writeEntityDeclarations" undoc="false" access="private"><doc><return type="void"/><description/><shortdescription/></doc></function><function name="writeNamespaceDeclarations" undoc="false" access="private"><doc><return type="void"/><description/><shortdescription/></doc></function><function name="writeDescriptions" undoc="false" access="private"><doc><return type="void"/><description/><shortdescription/></doc></function><function name="writeGroup" undoc="false" access="private"><doc><return type="void"/><description/><shortdescription/></doc></function><function name="checkForDoubleAttributes" undoc="false" access="private"><doc><parameter name="$predicate" type="object Node"/><return type="void"/><description/><shortdescription/></doc></function><function name="relativizeURI" undoc="false" access="private"><doc><parameter name="$uri" type="STRING"/><return type="void"/><description/><shortdescription/></doc></function><function name="writeSubjectURI" undoc="false" access="private"><doc><parameter name="$subject_node" type="object Node"/><return type="void"/><description/><shortdescription/></doc></function><function name="writeAttributeStatements" undoc="false" access="private"><doc><return type="void"/><description/><shortdescription/></doc></function><function name="writeContentStatements" undoc="false" access="private"><doc><return type="void"/><description/><shortdescription/></doc></function><function name="writeResourceReference" undoc="false" access="private"><doc><parameter name="$object_node" type="Object"/><return type="void"/><description/><shortdescription/></doc></function><function name="writeAbsoluteResourceReference" undoc="false" access="private"><doc><parameter name="$rebaseURI" type="String"/><return type="void"/><description/><shortdescription/></doc></function><function name="writeTextValue" undoc="false" access="private"><doc><parameter name="$textValue" type="STRING"/><return type="void"/><description/><shortdescription/></doc></function><function name="writeEscapedCDATA" undoc="false" access="private"><doc><parameter name="$textValue" type="STRING"/><return type="void"/><description/><shortdescription/></doc></function><function name="getValueQuoteType" undoc="false" access="private"><doc><parameter name="$textValue" type="STRING"/><return type="void"/><description/><shortdescription/></doc></function><function name="canAbbreviateValue" undoc="false" access="private"><doc><parameter name="$node" type="object Node"/><return type="void"/><description/><shortdescription/></doc></function><function name="getElementText" undoc="false" access="private"><doc><parameter name="$elementName" type="STRING"/><return type="void"/><description/><shortdescription/></doc></function><function name="collectNamespaces" undoc="false" access="private"><doc><parameter name="$model" type="object MemModel"/><return type="void"/><description/><shortdescription/></doc></function><function name="collectNamespace" undoc="false" access="private"><doc><parameter name="$resource" type="object Resource"/><return type="void"/><description/><shortdescription/></doc></function><function name="getNextNamespacePrefix" undoc="false" access="private"><doc><return type="void"/><description/><shortdescription/></doc></function><variable name="$use_entities" access="private" type="unknown"><doc></doc></variable><variable name="$use_attributes" access="private" type="unknown"><doc></doc></variable><variable name="$sort_model" access="private" type="unknown"><doc></doc></variable><variable name="$rdf_qnames" access="private" type="unknown"><doc></doc></variable><variable name="$use_xml_declaration" access="private" type="unknown"><doc></doc></variable><variable name="$m_defaultNamespaces" access="private" type="array">array()<doc></doc></variable><variable name="$m_namespaces" access="private" type="array">array()<doc></doc></variable><variable name="$m_nextAutomaticPrefixIndex" access="private" type="unknown"><doc></doc></variable><variable name="$m_out" access="private" type="unknown"><doc></doc></variable><variable name="$m_baseURI" access="private" type="unknown"><doc></doc></variable><variable name="$m_statements" access="private" type="array">array()<doc></doc></variable><variable name="$m_currentSubject" access="private" type="unknown"><doc></doc></variable><variable name="$m_rdfIDElementText" access="private" type="unknown"><doc></doc></variable><variable name="$m_rdfAboutElementText" access="private" type="unknown"><doc></doc></variable><variable name="$m_rdfResourceElementText" access="private" type="unknown"><doc></doc></variable><variable name="$m_groupTypeStatement" access="private" type="unknown"><doc></doc></variable><variable name="$m_attributeStatements" access="private" type="array">array()<doc></doc></variable><variable name="$m_contentStatements" access="private" type="array">array()<doc></doc></variable><variable name="$rdf_qname_prefix" access="private" type="unknown"><doc></doc></variable><inherited src="Object" type="functions"><element>tostring</element></inherited><path><parent>Object</parent></path><baseclass>Object</baseclass></class></phpdoc>