<?xml version="1.0"?><phpdoc><class name="RdqlMemEngine" extends="RdqlEngine" undoc="false" access="public" package="rdql"><file>C:/OpenSA_V2/Apache2/htdocs/rdfapi-php/api/rdql/RdqlMemEngine.php</file><doc><author email="radol@gmx.de">Radoslaw Oldakowski</author><inherited src="Array"/><overriden src="Array"/><description>    Provided an rdql query parsed into an array of php variables and constraints   at first the engine searches for tuples matching all patterns from the WHERE clause   of the given RDQL query. Then the query result set is filtered with evaluated   boolean expressions from the AND clause of the given RDQL query.       &amp;lt;BR&amp;gt;&amp;lt;BR&amp;gt;History:&amp;lt;UL&amp;gt;   &amp;lt;LI&amp;gt;08-29-2003                : Function filterTuples(): some bugs fixed:                                   - strEqExpr with NE operator                                   - regExExpr combined with other expr. and negation (!)                                     e.g. !(?x ~~ &amp;quot;/sth/&amp;quot; &amp;&amp; ?x &amp;gt; 5)   &amp;lt;LI&amp;gt;07-27-2003                : First version of this class&amp;lt;/LI&amp;gt;</description><shortdescription>This class performes as RDQL query on a MemModel.</shortdescription><version>V0.7</version></doc><function name="queryModel" undoc="false" access="public"><doc><parameter name="&amp;$memModel" type="object MemModel"/><parameter name="&amp;$parsedQuery" type="array">(the same format as $this-&amp;gt;parsedQuery)</parameter><parameter name="$returnNodes" default="TRUE" type="boolean"/><return name="" type="array"> [][?VARNAME] = object Node  (if $returnNodes = TRUE)&#x0a;      OR  array   [][?VARNAME] = string</return><description/><shortdescription>Perform an RDQL Query on the given MemModel.</shortdescription></doc></function><function name="findTuplesMatchingAllPatterns" undoc="false" access="private"><doc><parameter name="&amp;$memModel" type="object MemModel"/><return name="" type="array"> [][?VARNAME] = object Node</return><description>  with variables from all patterns and their corresponding values.   The variable values returned are instances of object Node.</description><shortdescription>Find triples matching all patterns of an RDQL query and return an array</shortdescription></doc></function><function name="findTuplesMatchingOnePattern" undoc="false" access="private"><doc><parameter name="&amp;$memModel" type="object MemModel"/><parameter name="&amp;$pattern" type="array">[&amp;apos;subject&amp;apos;][&amp;apos;value&amp;apos;] = VARorURI&#x0a;                           [&amp;apos;predicate&amp;apos;][&amp;apos;value&amp;apos;] = VARorURI&#x0a;                           [&amp;apos;object&amp;apos;][&amp;apos;value&amp;apos;] = VARorURIorLiterl&#x0a;                                     [&amp;apos;is_literal&amp;apos;] = boolean&#x0a;                                     [&amp;apos;l_lang&amp;apos;] = string&#x0a;                                     [&amp;apos;l_dtype&amp;apos;] = string</parameter><return name="" type="array"> [][?VARNAME] = object Node</return><description>  variables and their corresponding values (instances of object Node).</description><shortdescription>Find tuples matching one pattern and return an array with pattern</shortdescription></doc></function><function name="findTriplesMatchingPattern" undoc="false" access="private"><doc><parameter name="&amp;$memModel" type="object MemModel"/><parameter name="$subjLabel" type="string"/><parameter name="$predLabel" type="string"/><parameter name="$obj_is" type="string"/><parameter name="$objLabel" type="string"/><parameter name="$objLang" type="string"/><parameter name="$objDtype" type="string"/><parameter name="&amp;$intBindings" type="array">[] = string</parameter><return name="" type="object MemModel"/><description>  NULL input for $subjLabel..$objLabel, $obj_is will match anything.   NULL input for $objDtype will only match opbj-&amp;gt;dtype = NULL   NULL input for $objLanguage will match obj-&amp;gt;lang = NULL or anything if a   literal is datatyped (except for XMLLiterals and plain literals)   This method also checks internal bindings if provided.</description><shortdescription>Search in $memModel for triples matching one pattern from the WHERE clause.</shortdescription></doc></function><function name="joinTuples" undoc="false" access="private"><doc><parameter name="&amp;$finalRes" type="array">[][?VARNAME] = object Node</parameter><parameter name="&amp;$res" type="array">[][?VARNAME] = object Node</parameter><return name="" type="array"> [][?VARNAME] = object Node</return><description/><shortdescription>Perform an SQL-like inner join on two resultSets.</shortdescription></doc></function><function name="filterTuples" undoc="false" access="private"><doc><parameter name="&amp;$finalRes" type="array">[][?VARNAME] = object Node</parameter><return name="" type="array"> [][?VARNAME] = object Node</return><description>  AND clause of the RDQL query.</description><shortdescription>Filter the result-set of query variables by evaluating each filter from the</shortdescription></doc></function><function name="selectVariables" undoc="false" access="private"><doc><parameter name="&amp;$finalRes" type="array">[][?VARNAME] = object Node</parameter><return name="" type="array"> [][?VARNAME] = object Node</return><description>  specified in the SELECT clause of the RDQL query.</description><shortdescription>Remove all conditional variables from the result-set and leave only variables</shortdescription></doc></function><function name="toString" undoc="true" access="private"><doc><parameter name="&amp;$finalRes" type="array">[][?VARNAME] = object Node</parameter><return name="" type="array"> [][?VARNAME] = string</return><overriden src="Object"/><description/><shortdescription>Convert the variable values of $finalRes from objects to their string serialization.</shortdescription></doc></function><function name="_checkIntBindings" undoc="false" access="private"><doc><parameter name="&amp;$triple" type="object statement"/><parameter name="&amp;$intBindings" type="array">[] = string</parameter><return name="" type="boolean"/><description>  e.g. (?x, ?z, ?x) ==&amp;gt; statement subject must be identical with the statement object</description><shortdescription>Check if the given triple meets pattern internal bindings</shortdescription></doc></function><function name="_equalsLangDtype" undoc="false" access="private"><doc><parameter name="&amp;$literal" type="object Literal"/><parameter name="$lang" type="string"/><parameter name="$dtype" type="string"/><return name="" type="boolean"/><description>  !!! Language only differentiates literals in rdf:XMLLiterals and plain literals (xsd:string).   !!! Therefore if a literal is datatyped ignore the language.</description><shortdescription>Check if the lang and dtype of the passed object Literal are equal $lang and $dtype</shortdescription></doc></function><variable name="$parsedQuery" access="private" type="array"><doc><description/><shortdescription>Parsed query variables and constraints.</shortdescription></doc></variable><inherited src="RdqlEngine" type="functions"><element>writequeryresultashtmltable</element></inherited><path><parent>RdqlEngine</parent><parent>Object</parent></path><baseclass>Object</baseclass></class></phpdoc>