<?xml version="1.0"?><phpdoc><class name="RdfParser" extends="Object" undoc="false" access="public" package="syntax"><file>C:/OpenSA_V2/Apache2/htdocs/rdfapi-php/api/syntax/RdfParser.php</file><doc><author email="lrargerich@yahoo.com">Luis Argerich</author><author email="chris@bizer.de">Chris Bizer</author><author email="radol@gmx.de">Radoslaw Oldakowski</author><inherited src="Array"/><description>  This class reads RDF data from files or URIs and generates models out of it. All valid   RDF XML syntaxes defined by the W3C in RDF/XML Syntax Specification (Revised)    - W3C Working Draft 10 October 2003   (http://www.w3.org/TR/2003/WD-rdf-syntax-grammar-20031010/) are supported.   The parser is based on the PHP version of repat    (http://phpxmlclasses.sourceforge.net/show_doc.php?class=class_rdf_parser.html)    by Luis Argerich (lrargerich@yahoo.com).       &amp;lt;BR&amp;gt;&amp;lt;BR&amp;gt;History:&amp;lt;UL&amp;gt;   &amp;lt;LI&amp;gt;11-18-2003				 : Made compliant with the latest RDF Specification (10. October 2003) &amp;lt;radol@gmx.de&amp;gt;.    								   		Support for several aspects of the RDF Specification   										was added or fixed, among others:   											bugs in handling of xml:base and resolving relative URIs fixed,   											support for parseType=&amp;quot;Literal&amp;quot; (XMLLiterals) added,	  											support for parseType=&amp;quot;Collection&amp;quot; added,  											handling of xml:lang improved,  											handling of containers improved,  											handling of empty property elements improved,  											handling of RDF vocabulary improved,  											some cases of reification fixed,																						  											  								   Several methods have been changed, unused variables and   								   		parameters removed (see CVS for details).  								   new private methods: _is_forbidden_rdf_property_attribute(),  														_is_forbidden_rdf_property_element ($local_name),  														_is_rdf_node_element(),  														_is_forbidded_node_element(),  														_report_error(),  														_handle_collection_element(),  														_handle_xml_start_element(),  														_handle_xml_end_element(),  														_join_name_and_declare_prefix(),  														_end_collection(),  														_start_ns_declaration_handler(),												  								   removed private methods: _delete_elements(),   													        _end_empty_resource_property(),  															rdf_resolve_uri()		    								   BUGS WHICH HAS NOT BEED FIXED:  								   		- correct handling of non US-ASCII characters&amp;lt;/LI&amp;gt;  							   	   &amp;lt;LI&amp;gt;07-27-2003                : Functions addapted to the new class tree (MemModel extends Model)&amp;lt;/LI&amp;gt;   &amp;lt;LI&amp;gt;04-23-2003                : Bug concerning bnode recognition fixed.&amp;lt;/LI&amp;gt;   &amp;lt;LI&amp;gt;04-03-2003                : Bug concerning bnode identifier generation fixed.&amp;lt;/LI&amp;gt;   &amp;lt;LI&amp;gt;01-10-2003                : Support for rdf:datatype and rdf:nodeID added.&amp;lt;/LI&amp;gt;   &amp;lt;LI&amp;gt;01-05-2003                : Support for rdf:seeAlso added.&amp;lt;/LI&amp;gt;   &amp;lt;LI&amp;gt;11-07-2002                : Possibility to pass RDF code  directly to the method generateModel() added.&amp;lt;/LI&amp;gt;   &amp;lt;LI&amp;gt;10-25-2002                : Bug concerning 1 character long literals fixed.&amp;lt;/LI&amp;gt;   &amp;lt;LI&amp;gt;09-24-2002                : Recognition of blank nodes improved.&amp;lt;/LI&amp;gt;   &amp;lt;LI&amp;gt;09-10-2002                : First version of this class.&amp;lt;/LI&amp;gt;   &amp;lt;/UL&amp;gt;</description><shortdescription>An RDF paser.</shortdescription><version>V0.7</version></doc><function name="_new_element" undoc="false" access="private"><doc><return type="void"/><description/><shortdescription/></doc></function><function name="_copy_element" undoc="false" access="private"><doc><parameter name="$source" type="string"/><parameter name="&amp;$destination" type="string"/><return type="void"/><description/><shortdescription/></doc></function><function name="_clear_element" undoc="false" access="private"><doc><parameter name="&amp;$e" type="string"/><return type="void"/><description/><shortdescription/></doc></function><function name="_push_element" undoc="false" access="private"><doc><return type="void"/><description/><shortdescription/></doc></function><function name="_pop_element" undoc="false" access="private"><doc><return type="void"/><description/><shortdescription/></doc></function><function name="_is_rdf_property_attribute_resource" undoc="false" access="private"><doc><parameter name="$local_name" type="string"/><return type="void"/><description/><shortdescription/></doc></function><function name="_is_rdf_property_attribute_literal" undoc="false" access="private"><doc><parameter name="$local_name" type="string"/><return type="void"/><description/><shortdescription/></doc></function><function name="_is_rdf_ordinal" undoc="false" access="private"><doc><parameter name="$local_name" type="string"/><return type="void"/><description/><shortdescription/></doc></function><function name="_is_rdf_property_attribute" undoc="false" access="private"><doc><parameter name="$local_name" type="string"/><return type="void"/><description/><shortdescription/></doc></function><function name="_is_rdf_property_element" undoc="false" access="private"><doc><parameter name="$local_name" type="string"/><return type="void"/><description/><shortdescription/></doc></function><function name="_is_forbidden_rdf_property_element" undoc="false" access="private"><doc><parameter name="$local_name" type="string"/><return type="void"/><description/><shortdescription/></doc></function><function name="_is_rdf_node_element" undoc="false" access="private"><doc><parameter name="$local_name" type="string"/><return type="void"/><description/><shortdescription/></doc></function><function name="_is_forbidden_rdf_node_element" undoc="false" access="private"><doc><parameter name="$local_name" type="string"/><return type="void"/><description/><shortdescription/></doc></function><function name="_istalnum" undoc="false" access="private"><doc><parameter name="$val" type="string"/><return type="void"/><description/><shortdescription/></doc></function><function name="_istalpha" undoc="false" access="private"><doc><parameter name="$val" type="string"/><return type="void"/><description/><shortdescription/></doc></function><function name="_is_absolute_uri" undoc="false" access="private"><doc><parameter name="$uri" type="string"/><return type="void"/><description/><shortdescription/></doc></function><function name="_parse_uri" undoc="false" access="private"><doc><parameter name="$uri" type="string"/><parameter name="$buffer" type="string"/><parameter name="&amp;$scheme" type="string"/><parameter name="&amp;$authority" type="string"/><parameter name="&amp;$path" type="string"/><parameter name="&amp;$query" type="string"/><parameter name="&amp;$fragment" type="string"/><return type="void"/><description/><shortdescription/></doc></function><function name="_resolve_uri_reference" undoc="false" access="private"><doc><parameter name="$base_uri" type="string"/><parameter name="$reference_uri" type="string"/><parameter name="&amp;$buffer" type="string"/><return type="void"/><description/><shortdescription/></doc></function><function name="is_valid_id" undoc="false" access="private"><doc><parameter name="$id" type="string"/><return type="void"/><description>  (see http://www.w3.org/TR/REC-xml-names/#NT-NCName) are assumed to be invalid.   If you want to use IDs containing these characters you can turn off    the validating by setting the constant VALIDATE_IDS to FALSE (see constants.php).</description><shortdescription>IDs which contain CombiningChars or Extenders</shortdescription></doc></function><function name="_resolve_id" undoc="false" access="private"><doc><parameter name="$id" type="string"/><parameter name="&amp;$buffer" type="string"/><return type="void"/><description/><shortdescription/></doc></function><function name="_split_name" undoc="false" access="private"><doc><parameter name="$name" type="string"/><parameter name="&amp;$buffer" type="string"/><parameter name="&amp;$namespace_uri" type="string"/><parameter name="&amp;$local_name" type="string"/><return type="void"/><description/><shortdescription/></doc></function><function name="_generate_anonymous_uri" undoc="false" access="private"><doc><parameter name="&amp;$buf" type="string"/><return type="void"/><description/><shortdescription/></doc></function><function name="_report_statement" undoc="false" access="private"><doc><parameter name="$subject_type" type="string"/><parameter name="$subject" type="string"/><parameter name="$predicate" type="string"/><parameter name="$ordinal" type="string"/><parameter name="$object_type" type="string"/><parameter name="$object" type="string"/><parameter name="$xml_lang" type="string"/><parameter name="$bag_id" type="string"/><parameter name="$statements" type="string"/><parameter name="$statement_id" type="string"/><parameter name="$datatype" undoc="true"/><return type="void"/><description/><shortdescription/></doc></function><function name="_handle_property_attributes" undoc="false" access="private"><doc><parameter name="$subject_type" type="string"/><parameter name="$subject" type="string"/><parameter name="$attributes" type="string"/><parameter name="$xml_lang" type="string"/><parameter name="$bag_id" type="string"/><parameter name="$statements" type="string"/><return type="void"/><description/><shortdescription/></doc></function><function name="_report_warning" undoc="false" access="private"><doc><parameter name="$warning" type="string"/><return type="void"/><description/><shortdescription/></doc></function><function name="_handle_resource_element" undoc="false" access="private"><doc><parameter name="$namespace_uri" type="string"/><parameter name="$local_name" type="string"/><parameter name="$attributes" type="string"/><parameter name="$parent" type="string"/><return type="void"/><description/><shortdescription/></doc></function><function name="_handle_property_element" undoc="false" access="private"><doc><parameter name="&amp;$namespace_uri" type="string"/><parameter name="&amp;$local_name" type="string"/><parameter name="&amp;$attributes" type="string"/><return type="void"/><description/><shortdescription/></doc></function><function name="_handle_collection_element" undoc="false" access="private"><doc><parameter name="&amp;$namespace_uri" type="string"/><parameter name="&amp;$local_name" type="string"/><parameter name="&amp;$attributes" type="string"/><return type="void"/><description/><shortdescription/></doc></function><function name="_handle_xml_start_element" undoc="false" access="private"><doc><parameter name="&amp;$namespace_uri" type="string"/><parameter name="&amp;$local_name" type="string"/><parameter name="&amp;$attributes" type="string"/><return type="void"/><description/><shortdescription/></doc></function><function name="_handle_xml_end_element" undoc="false" access="private"><doc><parameter name="$name" type="string"/><return type="void"/><description/><shortdescription/></doc></function><function name="_join_name_and_declare_prefix" undoc="false" access="private"><doc><parameter name="$namespace_uri" type="string"/><parameter name="$local_name" type="string"/><return type="void"/><description/><shortdescription/></doc></function><function name="_end_collection" undoc="false" access="private"><doc><return type="void"/><description/><shortdescription/></doc></function><function name="_start_element_handler" undoc="false" access="private"><doc><parameter name="$parser" type="string"/><parameter name="$name" type="string"/><parameter name="$attributes" type="string"/><return type="void"/><description/><shortdescription/></doc></function><function name="_end_literal_property" undoc="false" access="private"><doc><return type="void"/><description>     IN_PROPERTY_LITERAL. as character data is received from expat,      it is saved in a buffer and reported when the end tag is      received.</description><shortdescription>property elements with text only as content set the state to</shortdescription></doc></function><function name="_end_element_handler" undoc="false" access="private"><doc><parameter name="$parser" type="string"/><parameter name="$name" type="string"/><return type="void"/><description/><shortdescription/></doc></function><function name="_character_data_handler" undoc="false" access="private"><doc><parameter name="$parser" type="string"/><parameter name="$s" type="string"/><return type="void"/><description/><shortdescription/></doc></function><function name="add_statement_to_model" undoc="false" access="private"><doc><parameter name="&amp;$user_data" type="string"/><parameter name="$subject_type" type="string"/><parameter name="$subject" type="string"/><parameter name="$predicate" type="string"/><parameter name="$ordinal" type="string"/><parameter name="$object_type" type="string"/><parameter name="$object" type="string"/><parameter name="$xml_lang" type="string">)</parameter><parameter name="$datatype" undoc="true"/><return name="" type="object MemModel"/><description>  This method is called by generateModel().</description><shortdescription>Adds a new statement to the model</shortdescription></doc></function><function name="generateModel" undoc="false" access="public"><doc><parameter name="$base" type="string"/><return name="" type="object MemModel"/><description>  If you want to parse an RDF document, pass the URI or location in the filesystem    of the RDF document. You can also pass RDF code direct to the function. If you pass   RDF code directly to the parser and there is no xml:base included, you should set    the base URI manually using model-&amp;gt;setBaseURI().    Make sure that here are proper namespace declarations in your input document.</description><shortdescription>Generates a new MemModel from a URI, a file or from memory.</shortdescription></doc></function><function name="rdf_parser_create" undoc="false" access="private"><doc><parameter name="$encoding" type="string"/><return type="void"/><description/><shortdescription/></doc></function><function name="_start_ns_declaration_handler" undoc="false" access="private"><doc><parameter name="&amp;$parser" type="resource"/><parameter name="$ns_prefix" type="string"/><parameter name="$ns_uri" type="string"/><return type="void"/><description/><shortdescription/></doc></function><function name="rdf_parser_free" undoc="false" access="private"><doc><return type="void"/><description/><shortdescription/></doc></function><function name="rdf_parse" undoc="false" access="private"><doc><parameter name="$s" type="string"/><parameter name="$is_final" type="string"/><return type="void"/><description/><shortdescription/></doc></function><function name="rdf_get_xml_parser" undoc="false" access="private"><doc><return type="void"/><description/><shortdescription/></doc></function><function name="rdf_set_base" undoc="false" access="private"><doc><parameter name="$base" type="string"/><return type="void"/><description/><shortdescription/></doc></function><function name="rdf_get_base" undoc="false" access="private"><doc><return type="void"/><description/><shortdescription/></doc></function><function name="_is_forbidden_rdf_property_attribute" undoc="true" access="private"><doc><parameter name="$local_name" undoc="true"/><return type="void"/></doc></function><function name="_report_error" undoc="true" access="private"><doc><parameter name="$error" undoc="true"/><return type="void"/></doc></function><variable name="$rdf_parser" access="private" type="unknown"><doc></doc></variable><variable name="$model" access="private" type="unknown"><doc></doc></variable><inherited src="Object" type="functions"><element>tostring</element></inherited><path><parent>Object</parent></path><baseclass>Object</baseclass></class></phpdoc>