<?xml version="1.0"?><phpdoc><index><chapter char="B"><element type="class" source="" sourcetype="class" name="BlankNode">An RDF blank node.</element><element type="functions" source="BlankNode" sourcetype="class" name="BlankNode">Constructor</element></chapter><chapter char="g"><element type="functions" source="BlankNode" sourcetype="class" name="getID">Returns the ID of the blank node.</element><element type="functions" source="BlankNode" sourcetype="class" name="getLabel">Returns the ID of the blank node.</element><element type="functions" source="Resource" sourcetype="class" name="getLabel">Returns the label of the resource, which is the URI of the resource.</element><element type="functions" source="Literal" sourcetype="class" name="getLabel">Returns the string value of the literal.</element><element type="functions" source="Resource" sourcetype="class" name="getURI">Returns the URI of the resource.</element><element type="functions" source="Resource" sourcetype="class" name="getNamespace">Returns the namespace of the resource. May return null.</element><element type="functions" source="RDFUtil" sourcetype="class" name="getNamespace">Extracts the namespace prefix out of the URI of a Resource.</element><element type="functions" source="Resource" sourcetype="class" name="getLocalName">Returns the local name of the resource.</element><element type="functions" source="RDFUtil" sourcetype="class" name="getLocalName">Delivers the Localname (without the namespace prefix) out of the URI of a Resource.</element><element type="functions" source="Literal" sourcetype="class" name="getLanguage">Returns the language of the literal.</element><element type="functions" source="Literal" sourcetype="class" name="getDatatype">Returns the datatype of the literal.</element><element type="functions" source="DbModel" sourcetype="class" name="getMemModel">Create a MemModel containing all the triples of the current DbModel</element><element type="functions" source="DbModel" sourcetype="class" name="getUniqueResourceURI">Internal method, that returns a resource URI that is unique for the DbModel.</element><element type="functions" source="MemModel" sourcetype="class" name="getUniqueResourceURI">Internal method, that returns a resource URI that is unique for the MemModel.</element><element type="functions" source="MemModel" sourcetype="class" name="getStatementIterator">Returns a StatementIterator for traversing the MemModel.</element><element type="functions" source="MemModel" sourcetype="class" name="getBaseURI">Return current baseURI.</element><element type="functions" source="Model" sourcetype="class" name="getBaseURI">Return current baseURI.</element><element type="functions" source="DbStore" sourcetype="class" name="getModel">Create a new instance of DbModel with the given $modelURI and</element><element type="functions" source="DbStore" sourcetype="class" name="getNewModel">Create a new instance of DbModel with the given $modelURI</element><element type="functions" source="Statement" sourcetype="class" name="getSubject">Returns the subject of the triple.</element><element type="functions" source="Statement" sourcetype="class" name="getPredicate">Returns the predicate of the triple.</element><element type="functions" source="Statement" sourcetype="class" name="getObject">Returns the object of the triple.</element><element type="functions" source="Statement" sourcetype="class" name="getLabelSubject">Returns the URI or bNode identifier of the statements&amp;apos;s subject.</element><element type="functions" source="Statement" sourcetype="class" name="getLabelPredicate">Returns the URI of the statements&amp;apos;s predicate.</element><element type="functions" source="Statement" sourcetype="class" name="getLabelObject">Reurns the URI, text or bNode identifier of the statements&amp;apos;s object.</element><element type="functions" source="RdqlDbEngine" sourcetype="class" name="generateSql">Generate an SQL string to query the database for tuples matching all patterns</element><element type="functions" source="RdqlDbEngine" sourcetype="class" name="generateSql_SelectClause">Generate SQL SELECT clause.</element><element type="functions" source="RdqlDbEngine" sourcetype="class" name="generateSql_FromClause">Generate SQL FROM clause</element><element type="functions" source="RdqlDbEngine" sourcetype="class" name="generateSql_WhereClause">Generate an SQL WHERE clause</element><element type="functions" source="RdqlResultIterator" sourcetype="class" name="getResultLabels">Returns the labels of the result as array.</element><element type="functions" source="RdqlResultIterator" sourcetype="class" name="getCurrentPosition">Returns the current position of the iterator.</element><element type="functions" source="StatementIterator" sourcetype="class" name="getCurrentPosition">Returns the current position of the iterator.</element><element type="functions" source="N3Parser" sourcetype="class" name="generateModel">Generate a new MemModel from an URI or file.</element><element type="functions" source="RdfParser" sourcetype="class" name="generateModel">Generates a new MemModel from a URI, a file or from memory.</element><element type="functions" source="N3Parser" sourcetype="class" name="getSpan">Gets a slice of an array.</element><element type="functions" source="N3Parser" sourcetype="class" name="getPrefixes">Returns an array with prefixes=&amp;gt;namespace mappings</element><element type="functions" source="N3Parser" sourcetype="class" name="getStatements">Returns an array of triples extracted from the list of n3 tokens</element><element type="functions" source="N3Parser" sourcetype="class" name="getPovs">Gets a list of triples with same subject</element><element type="functions" source="N3Parser" sourcetype="class" name="getObjs">Gets a list of triples with same predicate</element><element type="functions" source="RdfSerializer" sourcetype="class" name="getValueQuoteType"/><element type="functions" source="RdfSerializer" sourcetype="class" name="getElementText"/><element type="functions" source="RdfSerializer" sourcetype="class" name="getNextNamespacePrefix"/><element type="functions" source="RDFUtil" sourcetype="class" name="guessNamespace">Extracts the namespace prefix out of a URI.</element><element type="functions" source="RDFUtil" sourcetype="class" name="guessName">Delivers the name out of the URI (without the namespace prefix).</element><element type="functions" source="RDFUtil" sourcetype="class" name="getNamespaceEnd">Position of the namespace end</element><element type="functions" source="RDFUtil" sourcetype="class" name="getOrd">Converts an ordinal RDF resource to an integer.</element><element type="functions" source="RDFUtil" sourcetype="class" name="getNodeTypeName">Get Node Type.</element></chapter><chapter char="t"><element type="functions" source="BlankNode" sourcetype="class" name="toString">Dumps bNode.</element><element type="functions" source="Resource" sourcetype="class" name="toString">Dumps resource.</element><element type="functions" source="Literal" sourcetype="class" name="toString">Dumps literal.</element><element type="functions" source="DbModel" sourcetype="class" name="toString">Short dump of the DbModel.</element><element type="functions" source="MemModel" sourcetype="class" name="toString">Short Dump of the MemModel.</element><element type="functions" source="Statement" sourcetype="class" name="toString">Dumps the triple.</element><element type="functions" source="RdqlDbEngine" sourcetype="class" name="toString">Serialize variable values of $queryResult to string.</element><element type="functions" source="RdqlMemEngine" sourcetype="class" name="toString">Convert the variable values of $finalRes from objects to their string serialization.</element><element type="functions" source="Object" sourcetype="class" name="toString">Serializes a object into a string</element><element type="functions" source="DbModel" sourcetype="class" name="toStringIncludingTriples">Dump of the DbModel including all triples.</element><element type="functions" source="MemModel" sourcetype="class" name="toStringIncludingTriples">Dumps of the MemModel including all triples.</element><element type="variables" source="MemModel" sourcetype="class" name="$triples">Triples of the MemModel</element><element type="functions" source="Statement" sourcetype="class" name="toStringSubject">Returns a toString() serialization of the statements&amp;apos;s subject.</element><element type="functions" source="Statement" sourcetype="class" name="toStringPredicate">Returns a toString() serialization of the statements&amp;apos;s predicate.</element><element type="functions" source="Statement" sourcetype="class" name="toStringObject">Reurns a toString() serialization of the statements&amp;apos;s object.</element><element type="functions" source="RdqlDbEngine" sourcetype="class" name="toNodes">Convert variable values of $queryResult to objects (Node).</element><element type="functions" source="RdqlParser" sourcetype="class" name="tokenize">Divide the query string into tokens.</element><element type="variables" source="RdqlParser" sourcetype="class" name="$tokens">Query string divided into a sequence of tokens.</element><element type="functions" source="N3Parser" sourcetype="class" name="trimLine">Callback function for trimming whitespace from lines</element><element type="functions" source="N3Parser" sourcetype="class" name="toke">Returns a list of tokens</element><element type="functions" source="N3Parser" sourcetype="class" name="toRDFNode">Constructs a RAP RDFNode from URI/Literal/Bnode</element></chapter><chapter char="e"><element type="functions" source="BlankNode" sourcetype="class" name="equals">Checks if two blank nodes are equal.</element><element type="functions" source="Resource" sourcetype="class" name="equals">Checks if the resource equals another resource.</element><element type="functions" source="Literal" sourcetype="class" name="equals">Checks if ihe literal equals another literal.</element><element type="functions" source="DbModel" sourcetype="class" name="equals">Check if two models are equal.</element><element type="functions" source="MemModel" sourcetype="class" name="equals">Checks if two models are equal.</element><element type="functions" source="Statement" sourcetype="class" name="equals">Checks if two statements are equal.</element><element type="functions" source="N3Parser" sourcetype="class" name="expandLists">This makes [ ] lists into bnodes.</element><element type="functions" source="RDFUtil" sourcetype="class" name="escapeValue">Escapes &amp;lt; &amp;gt; and &amp;</element></chapter><chapter char="R"><element type="class" source="" sourcetype="class" name="Resource">An RDF resource.</element><element type="functions" source="Resource" sourcetype="class" name="Resource">Constructor</element><element type="class" source="" sourcetype="class" name="RdqlDbEngine">This class performs as RDQL query on a DbModel.</element><element type="class" source="" sourcetype="class" name="RdqlMemEngine">This class performes as RDQL query on a MemModel.</element><element type="class" source="" sourcetype="class" name="RdqlEngine">Some general methods common for RdqlMemEngine and RdqlDbEngine</element><element type="class" source="" sourcetype="class" name="RdqlParser">This class contains methods for parsing an Rdql query string into PHP variables.</element><element type="class" source="" sourcetype="class" name="RdqlResultIterator">Iterator for traversing Rdql results.</element><element type="functions" source="RdqlResultIterator" sourcetype="class" name="RdqlResultIterator">Constructor</element><element type="variables" source="RdqlResultIterator" sourcetype="class" name="$RdqlResult">Reference to the Rdql result</element><element type="variables" source="N3Parser" sourcetype="class" name="$RDF_NS"/><element type="class" source="" sourcetype="class" name="RdfParser">An RDF paser.</element><element type="class" source="" sourcetype="class" name="RdfSerializer">An RDF seralizer.</element><element type="functions" source="RdfSerializer" sourcetype="class" name="RdfSerializer">Constructor</element><element type="class" source="" sourcetype="class" name="RDFUtil">Useful utility methods.</element></chapter><chapter char="u"><element type="variables" source="Resource" sourcetype="class" name="$uri">URIref to the resource</element><element type="functions" source="DbModel" sourcetype="class" name="unite">Return a new MemModel that is the set-union the model with another model.</element><element type="functions" source="MemModel" sourcetype="class" name="unite">Returns a new MemModel that is the set-union of the MemModel with another model.</element><element type="functions" source="Statement" sourcetype="class" name="usort"/><element type="functions" source="N3Parser" sourcetype="class" name="uparse">This parses a N3 string and calls func($subject, $predicate, $object) with each trioke</element><element type="variables" source="RdfSerializer" sourcetype="class" name="$use_entities"/><element type="variables" source="RdfSerializer" sourcetype="class" name="$use_attributes"/><element type="variables" source="RdfSerializer" sourcetype="class" name="$use_xml_declaration"/><element type="package" source="" sourcetype="" name="util"/></chapter><chapter char="L"><element type="class" source="" sourcetype="class" name="Literal">An RDF literal.</element><element type="functions" source="Literal" sourcetype="class" name="Literal">Constructor</element></chapter><chapter char="s"><element type="functions" source="Literal" sourcetype="class" name="setLanguage">Sets the language of the literal.</element><element type="functions" source="Literal" sourcetype="class" name="setDatatype">Sets the datatype of the literal.</element><element type="functions" source="DbModel" sourcetype="class" name="setBaseURI">Set a base URI for the DbModel.</element><element type="functions" source="MemModel" sourcetype="class" name="setBaseURI">Set a base URI for the MemModel.</element><element type="functions" source="DbModel" sourcetype="class" name="size">Return the number of statements in this DbModel</element><element type="functions" source="MemModel" sourcetype="class" name="size">Number of triples in the MemModel</element><element type="functions" source="DbModel" sourcetype="class" name="subtract">Return a new MemModel that is the subtraction of another model from this DbModel.</element><element type="functions" source="MemModel" sourcetype="class" name="subtract">Returns a new MemModel that is the subtraction of another model from this MemModel.</element><element type="functions" source="Model" sourcetype="class" name="saveAs">Saves the RDF,N3 or N-Triple serialization of the MemModel to a file.</element><element type="functions" source="N3Serializer" sourcetype="class" name="saveAs">Serializes a model and saves it into a file.</element><element type="functions" source="NTripleSerializer" sourcetype="class" name="saveAs">Serializes a model and saves it into a file.</element><element type="functions" source="RdfSerializer" sourcetype="class" name="saveAs">Serializes a model and saves it into a file.</element><element type="functions" source="Statement" sourcetype="class" name="subject">Alias for getSubject()</element><element type="functions" source="Statement" sourcetype="class" name="statementsorter">Comparison function for comparing two statements.</element><element type="variables" source="Statement" sourcetype="class" name="$subj">Subject of the statement</element><element type="functions" source="RdqlMemEngine" sourcetype="class" name="selectVariables">Remove all conditional variables from the result-set and leave only variables</element><element type="functions" source="RdqlParser" sourcetype="class" name="startParsing">Start parsing of the tokenized query string.</element><element type="functions" source="N3Parser" sourcetype="class" name="setFixBnodes">Sets, if BlankNode labels should be replaced by the generic label from the constants.php file</element><element type="functions" source="N3Parser" sourcetype="class" name="statementize">Does the real work, returns a list of subject, predicate, object triples.</element><element type="functions" source="N3Serializer" sourcetype="class" name="serialize">Serializes a model to N3 syntax.</element><element type="functions" source="NTripleSerializer" sourcetype="class" name="serialize">Serializes a model to N Triple syntax.</element><element type="functions" source="RdfSerializer" sourcetype="class" name="serialize">Serializes a model to RDF syntax.</element><element type="variables" source="RdfSerializer" sourcetype="class" name="$sort_model"/><element type="package" source="" sourcetype="" name="syntax"/></chapter><chapter char="l"><element type="variables" source="Literal" sourcetype="class" name="$label">Label of the literal</element><element type="variables" source="Literal" sourcetype="class" name="$lang">Language of the literal</element><element type="functions" source="Model" sourcetype="class" name="load">Load a model from a file containing RDF, N3 or N-Triples.</element><element type="functions" source="DbStore" sourcetype="class" name="listModels">List all DbModels stored in the database.</element><element type="functions" source="N3Parser" sourcetype="class" name="listify">Returns a list with the elements between start and end as one quoted string</element><element type="functions" source="N3Parser" sourcetype="class" name="listStuff">Apply doLists for all different types of list.</element></chapter><chapter char="d"><element type="variables" source="Literal" sourcetype="class" name="$dtype">Datatype of the literal</element><element type="functions" source="DbModel" sourcetype="class" name="delete">Remove this DbModel from database and clean up.</element><element type="variables" source="DbModel" sourcetype="class" name="$dbConn">Database connection object</element><element type="variables" source="DbStore" sourcetype="class" name="$dbConn">Database connection object</element><element type="functions" source="N3Parser" sourcetype="class" name="doLists">Makes lists of elements in list into a seperate array element.</element><element type="variables" source="N3Parser" sourcetype="class" name="$debug"/><element type="variables" source="N3Serializer" sourcetype="class" name="$debug"/><element type="variables" source="NTripleSerializer" sourcetype="class" name="$debug"/><element type="functions" source="N3Serializer" sourcetype="class" name="doNamespaces">Makes ns0, ns1 etc. prefixes for unknown prefixes.</element><element type="functions" source="N3Serializer" sourcetype="class" name="doResource">Fill in $resourcetext for a single resource.</element><element type="functions" source="N3Serializer" sourcetype="class" name="doURI">Format a single URI</element><element type="variables" source="N3Serializer" sourcetype="class" name="$done"/></chapter><chapter char="N"><element type="class" source="" sourcetype="class" name="Node">An abstract RDF node.</element><element type="class" source="" sourcetype="class" name="N3Parser">PHP Notation3 Parser</element><element type="functions" source="N3Parser" sourcetype="class" name="N3Parser">Constructor</element><element type="class" source="" sourcetype="class" name="N3Serializer">PHP Notation3 Serializer</element><element type="functions" source="N3Serializer" sourcetype="class" name="N3Serializer">Constructor</element><element type="class" source="" sourcetype="class" name="NTripleSerializer">PHP N-Triple Serializer</element><element type="functions" source="NTripleSerializer" sourcetype="class" name="NTripleSerializer">Constructor</element></chapter><chapter char="D"><element type="class" source="" sourcetype="class" name="DbModel">This class provides methods for manipulating DbModels from DbStore.</element><element type="functions" source="DbModel" sourcetype="class" name="DbModel">Constructor</element><element type="class" source="" sourcetype="class" name="DbStore">DbStore is a persistent store of RDF data using relational database technology.</element><element type="functions" source="DbStore" sourcetype="class" name="DbStore">Constructor:</element></chapter><chapter char="i"><element type="functions" source="DbModel" sourcetype="class" name="isEmpty">Check if this DbModel is empty</element><element type="functions" source="MemModel" sourcetype="class" name="isEmpty">Checks if MemModel is empty</element><element type="functions" source="DbModel" sourcetype="class" name="intersect">Return a new MemModel containing all the statements which are in both</element><element type="functions" source="MemModel" sourcetype="class" name="intersect">Returns a new MemModel containing all the statements which are in both this MemModel and another.</element><element type="functions" source="MemModel" sourcetype="class" name="index">Builds a search index for the statements in the MemModel.</element><element type="functions" source="MemModel" sourcetype="class" name="isIndexed">Returns TRUE if the MemModel is indexed.</element><element type="variables" source="MemModel" sourcetype="class" name="$index">Search index</element><element type="variables" source="MemModel" sourcetype="class" name="$indexed">This is set to true if the MemModel is indexed</element><element type="functions" source="N3Parser" sourcetype="class" name="isWS">Returns FALSE if argument is a whitespace character</element><element type="functions" source="RdfParser" sourcetype="class" name="is_valid_id">IDs which contain CombiningChars or Extenders</element><element type="functions" source="RDFUtil" sourcetype="class" name="isRDF">Tests if the URI of a resource belongs to the RDF syntax/model namespace.</element></chapter><chapter char="a"><element type="functions" source="DbModel" sourcetype="class" name="add">Add a new triple to this DbModel.</element><element type="functions" source="MemModel" sourcetype="class" name="add">Adds a new triple to the MemModel without checking if the statement is already in the MemModel.</element><element type="functions" source="DbModel" sourcetype="class" name="addModel">Add the given model to this DbModel.</element><element type="functions" source="MemModel" sourcetype="class" name="addModel">Adds another model to this MemModel.</element><element type="functions" source="MemModel" sourcetype="class" name="addWithoutDuplicates">Checks if a new statement is already in the MemModel and adds the statement, if it is not in the MemModel.</element><element type="functions" source="N3Parser" sourcetype="class" name="array_concat">Concatenates two arrays</element><element type="functions" source="N3Parser" sourcetype="class" name="applyStuff">Applies stuff :)</element><element type="functions" source="N3Serializer" sourcetype="class" name="addNSPrefix">Adds a new namespace prefix to use.</element><element type="variables" source="N3Serializer" sourcetype="class" name="$anon"/><element type="functions" source="RdfParser" sourcetype="class" name="add_statement_to_model">Adds a new statement to the model</element><element type="functions" source="RdfSerializer" sourcetype="class" name="addNamespacePrefix">Adds a new prefix/namespace combination.</element></chapter><chapter char="r"><element type="functions" source="DbModel" sourcetype="class" name="remove">Remove the given triple from this DbModel.</element><element type="functions" source="MemModel" sourcetype="class" name="remove">Removes the triple from the MemModel.</element><element type="functions" source="DbModel" sourcetype="class" name="rdqlQuery">Perform an RDQL query on this DbModel.</element><element type="functions" source="MemModel" sourcetype="class" name="rdqlQuery">Perform an RDQL query on this MemModel.</element><element type="functions" source="DbModel" sourcetype="class" name="rdqlQueryAsIterator">Perform an RDQL query on this DBModel.</element><element type="functions" source="MemModel" sourcetype="class" name="rdqlQueryAsIterator">Perform an RDQL query on this MemModel.</element><element type="functions" source="DbModel" sourcetype="class" name="replace">General method to replace nodes of a DbModel.</element><element type="functions" source="MemModel" sourcetype="class" name="replace">General method to replace nodes of a MemModel.</element><element type="functions" source="DbModel" sourcetype="class" name="reify">Reify the DbModel.</element><element type="functions" source="MemModel" sourcetype="class" name="reify">Reifies the MemModel.</element><element type="functions" source="Statement" sourcetype="class" name="reify">Reifies a statement.</element><element type="variables" source="RdqlDbEngine" sourcetype="class" name="$rsIndexes">When an RDQL query is performed on a DbModel, in first step the engine searches</element><element type="functions" source="RdqlParser" sourcetype="class" name="removeComments">Remove comments from the passed query string.</element><element type="functions" source="RdqlParser" sourcetype="class" name="replaceNamespacePrefixes">Replace all namespace prefixes in the pattern and constraint clause of an rdql query</element><element type="variables" source="RdqlParser" sourcetype="class" name="$reg_ex"/><element type="functions" source="N3Parser" sourcetype="class" name="replace_a_type">Callback function for replacing &amp;quot;a&amp;quot; elements with the right RDF uri.</element><element type="functions" source="N3Parser" sourcetype="class" name="replace_equal">Callback function for replacing &amp;quot;=&amp;quot; elements with the right DAML+OIL uri.</element><element type="functions" source="N3Parser" sourcetype="class" name="replace_this">Callback function for replacing &amp;quot;this&amp;quot; elements with the right RDF uri.</element><element type="functions" source="N3Serializer" sourcetype="class" name="reset">Readies this object for serializing another model</element><element type="functions" source="NTripleSerializer" sourcetype="class" name="reset">Readies this object for serializing another model</element><element type="variables" source="N3Serializer" sourcetype="class" name="$resourcetext"/><element type="variables" source="N3Serializer" sourcetype="class" name="$resourcetext_taken"/><element type="variables" source="N3Serializer" sourcetype="class" name="$res"/><element type="variables" source="NTripleSerializer" sourcetype="class" name="$res"/><element type="functions" source="RdfParser" sourcetype="class" name="rdf_parser_create"/><element type="functions" source="RdfParser" sourcetype="class" name="rdf_parser_free"/><element type="functions" source="RdfParser" sourcetype="class" name="rdf_parse"/><element type="functions" source="RdfParser" sourcetype="class" name="rdf_get_xml_parser"/><element type="functions" source="RdfParser" sourcetype="class" name="rdf_set_base"/><element type="functions" source="RdfParser" sourcetype="class" name="rdf_get_base"/><element type="variables" source="RdfParser" sourcetype="class" name="$rdf_parser"/><element type="functions" source="RdfSerializer" sourcetype="class" name="relativizeURI"/><element type="variables" source="RdfSerializer" sourcetype="class" name="$rdf_qnames"/><element type="variables" source="RdfSerializer" sourcetype="class" name="$rdf_qname_prefix"/><element type="package" source="" sourcetype="" name="rdql"/></chapter><chapter char="w"><element type="functions" source="DbModel" sourcetype="class" name="writeAsHtml">Write the RDF serialization of the _DbModel as HTML.</element><element type="functions" source="MemModel" sourcetype="class" name="writeAsHtml">Writes the RDF serialization of the MemModel as HTML.</element><element type="functions" source="DbModel" sourcetype="class" name="writeAsHtmlTable">Write the RDF serialization of the DbModel as HTML table.</element><element type="functions" source="MemModel" sourcetype="class" name="writeAsHtmlTable">Writes the RDF serialization of the MemModel as HTML table.</element><element type="functions" source="DbModel" sourcetype="class" name="writeRdfToString">Write the RDF serialization of the DbModel to string</element><element type="functions" source="MemModel" sourcetype="class" name="writeRdfToString">Writes the RDF serialization of the MemModel as HTML table.</element><element type="functions" source="RdqlEngine" sourcetype="class" name="writeQueryResultAsHtmlTable">Prints a query result as HTML table.</element><element type="functions" source="RdfSerializer" sourcetype="class" name="writeEntityDeclarations"/><element type="functions" source="RdfSerializer" sourcetype="class" name="writeNamespaceDeclarations"/><element type="functions" source="RdfSerializer" sourcetype="class" name="writeDescriptions"/><element type="functions" source="RdfSerializer" sourcetype="class" name="writeGroup"/><element type="functions" source="RdfSerializer" sourcetype="class" name="writeSubjectURI"/><element type="functions" source="RdfSerializer" sourcetype="class" name="writeAttributeStatements"/><element type="functions" source="RdfSerializer" sourcetype="class" name="writeContentStatements"/><element type="functions" source="RdfSerializer" sourcetype="class" name="writeResourceReference"/><element type="functions" source="RdfSerializer" sourcetype="class" name="writeAbsoluteResourceReference"/><element type="functions" source="RdfSerializer" sourcetype="class" name="writeTextValue"/><element type="functions" source="RdfSerializer" sourcetype="class" name="writeEscapedCDATA"/><element type="functions" source="RDFUtil" sourcetype="class" name="writeHTMLTable">Prints a MemModel as HTML table.</element></chapter><chapter char="c"><element type="functions" source="DbModel" sourcetype="class" name="contains">Check if the DbModel contains the given statement</element><element type="functions" source="MemModel" sourcetype="class" name="contains">Tests if the MemModel contains the given triple.</element><element type="functions" source="DbModel" sourcetype="class" name="containsAll">Determine if all of the statements in the given model are also contained in this DbModel.</element><element type="functions" source="MemModel" sourcetype="class" name="containsAll">Determine if all of the statements in a model are also contained in this MemModel.</element><element type="functions" source="DbModel" sourcetype="class" name="containsAny">Determine if any of the statements in the given model are also contained in this DbModel.</element><element type="functions" source="MemModel" sourcetype="class" name="containsAny">Determine if any of the statements in a model are also contained in this MemModel.</element><element type="functions" source="DbModel" sourcetype="class" name="close">Close this DbModel</element><element type="functions" source="MemModel" sourcetype="class" name="close">Close the MemModel and free up resources held.</element><element type="functions" source="DbStore" sourcetype="class" name="close">Close the DbStore.</element><element type="functions" source="DbStore" sourcetype="class" name="createTables">Create tables and indexes for the given database type.</element><element type="functions" source="Statement" sourcetype="class" name="compare">Compares two statements and returns integer less than, equal to, or greater than zero.</element><element type="functions" source="RdqlResultIterator" sourcetype="class" name="countResults">Returns the number of results.</element><element type="functions" source="RdqlResultIterator" sourcetype="class" name="current">Returns the current result.</element><element type="functions" source="StatementIterator" sourcetype="class" name="current">Returns the current statement.</element><element type="functions" source="RdfSerializer" sourcetype="class" name="configSortModel">Serializer congiguration: Sort Model</element><element type="functions" source="RdfSerializer" sourcetype="class" name="configUseEntities">Serializer congiguration: Use Entities</element><element type="functions" source="RdfSerializer" sourcetype="class" name="configUseAttributes">Serializer congiguration: Use Attributes</element><element type="functions" source="RdfSerializer" sourcetype="class" name="configUseQnames">Serializer congiguration: Use Qnames</element><element type="functions" source="RdfSerializer" sourcetype="class" name="configUseXmlDeclaration">Serializer congiguration: Use XML Declaration</element><element type="functions" source="RdfSerializer" sourcetype="class" name="checkForDoubleAttributes"/><element type="functions" source="RdfSerializer" sourcetype="class" name="canAbbreviateValue"/><element type="functions" source="RdfSerializer" sourcetype="class" name="collectNamespaces"/><element type="functions" source="RdfSerializer" sourcetype="class" name="collectNamespace"/><element type="functions" source="RDFUtil" sourcetype="class" name="createOrd">Creates ordinal RDF resource out of an integer.</element><element type="functions" source="RDFUtil" sourcetype="class" name="chooseColor">Chooses a node color.</element></chapter><chapter char="f"><element type="functions" source="DbModel" sourcetype="class" name="find">General method to search for triples in the DbModel.</element><element type="functions" source="MemModel" sourcetype="class" name="find">General method to search for triples.</element><element type="functions" source="DbModel" sourcetype="class" name="findRegex">Method to search for triples using Perl-style regular expressions.</element><element type="functions" source="MemModel" sourcetype="class" name="findRegex">Method to search for triples using Perl-style regular expressions.</element><element type="functions" source="DbModel" sourcetype="class" name="findVocabulary">Return all tripels of a certain vocabulary.</element><element type="functions" source="MemModel" sourcetype="class" name="findVocabulary">Returns all tripels of a certain vocabulary.</element><element type="functions" source="DbModel" sourcetype="class" name="findFirstMatchingStatement">Search for triples and return the first matching statement.</element><element type="functions" source="MemModel" sourcetype="class" name="findFirstMatchingStatement">Searches for triples and returns the first matching statement.</element><element type="functions" source="DbModel" sourcetype="class" name="findCount">Search for triples and return the number of matches.</element><element type="functions" source="MemModel" sourcetype="class" name="findCount">Searches for triples and returns the number of matches.</element><element type="functions" source="RdqlDbEngine" sourcetype="class" name="filterQueryResult">Filter tuples containing variables matching all patterns from the WHERE clause</element><element type="functions" source="RdqlDbEngine" sourcetype="class" name="filterTuples"/><element type="functions" source="RdqlMemEngine" sourcetype="class" name="filterTuples">Filter the result-set of query variables by evaluating each filter from the</element><element type="functions" source="RdqlMemEngine" sourcetype="class" name="findTuplesMatchingAllPatterns">Find triples matching all patterns of an RDQL query and return an array</element><element type="functions" source="RdqlMemEngine" sourcetype="class" name="findTuplesMatchingOnePattern">Find tuples matching one pattern and return an array with pattern</element><element type="functions" source="RdqlMemEngine" sourcetype="class" name="findTriplesMatchingPattern">Search in $memModel for triples matching one pattern from the WHERE clause.</element><element type="functions" source="RdqlParser" sourcetype="class" name="findAllQueryVariables">Find all query variables used in the WHERE clause.</element><element type="functions" source="N3Parser" sourcetype="class" name="filterWs">Removes all whitespace tokens from list</element><element type="functions" source="N3Parser" sourcetype="class" name="fixAnon">This makes bNodes out of variables like _:a etc.</element><element type="functions" source="N3Serializer" sourcetype="class" name="fixAnon">Fix the resourcetext for a blanknode where the _: construct was used</element></chapter><chapter char="_"><element type="functions" source="DbModel" sourcetype="class" name="_checkBaseURI">If the URI doesn&amp;apos;t end with # : or /, then a # is added to the URI.</element><element type="functions" source="DbModel" sourcetype="class" name="_getNodeFlag">&amp;apos;</element><element type="functions" source="DbModel" sourcetype="class" name="_convertRecordSetToMemModel">Convert an ADORecordSet to a memory Model.</element><element type="functions" source="DbModel" sourcetype="class" name="_createDynSqlPart_SPO">Create the dynamic part of an sql statement selecting triples with the</element><element type="functions" source="DbModel" sourcetype="class" name="_getRecordSet">Get an ADORecordSet with array fields[] containing a representation of</element><element type="functions" source="DbModel" sourcetype="class" name="_containsRow">Check if this DbModel contains the given row from the array fields[] of an ADORecordSet</element><element type="functions" source="DbModel" sourcetype="class" name="_insertRow">Add the given row from the array fields[] of an ADORecordSet to this DbModel</element><element type="functions" source="DbStore" sourcetype="class" name="_createUniqueModelID">Create a unique ID for the DbModel to be insert into the models table.</element><element type="functions" source="DbStore" sourcetype="class" name="_createTables_MsAccess">Create tables and indexes for MsAccess database</element><element type="functions" source="DbStore" sourcetype="class" name="_createTables_MySql">Create tables and indexes for MySQL database</element><element type="functions" source="RdqlDbEngine" sourcetype="class" name="_generateSql_SelectVar">Generate a piece of an sql select statement for a variable.</element><element type="functions" source="RdqlDbEngine" sourcetype="class" name="_convertRsRowToQueryResultRow">Converts a single row of ADORecordSet-&amp;gt;fields array to the format of</element><element type="functions" source="RdqlMemEngine" sourcetype="class" name="_checkIntBindings">Check if the given triple meets pattern internal bindings</element><element type="functions" source="RdqlMemEngine" sourcetype="class" name="_equalsLangDtype">Check if the lang and dtype of the passed object Literal are equal $lang and $dtype</element><element type="functions" source="RdqlParser" sourcetype="class" name="_clearWhiteSpaces">Remove whitespace-tokens from the array $this-&amp;gt;tokens</element><element type="functions" source="RdqlParser" sourcetype="class" name="_checkComma">Check if the query string of the given clause contains an undesired &amp;apos;,&amp;apos;.</element><element type="functions" source="RdqlParser" sourcetype="class" name="_validateVarUri">Check if the given token is either a variable (?var) or the first token of an URI (&amp;lt;URI&amp;gt;).</element><element type="functions" source="RdqlParser" sourcetype="class" name="_validateVarUriLiteral">Check if the given token is either a variable (?var) or the first token</element><element type="functions" source="RdqlParser" sourcetype="class" name="_validateVar">Check if the given token is a valid variable name (?var).</element><element type="functions" source="RdqlParser" sourcetype="class" name="_validateUri">Check if $token is the first token of a valid URI (&amp;lt;URI&amp;gt;) and return the whole URI string</element><element type="functions" source="RdqlParser" sourcetype="class" name="_validateLiteral">Check if $token is the first token of a valid literal (&amp;quot;LITERAL&amp;quot;) and</element><element type="functions" source="RdqlParser" sourcetype="class" name="_validatePrefix">Check if the given token is a valid namespace prefix.</element><element type="functions" source="RdqlParser" sourcetype="class" name="_checkSelectVars">Check if all variables from the SELECT clause are defined in the WHERE clause</element><element type="functions" source="RdqlParser" sourcetype="class" name="_isDefined">Check if the given variable is defined in the WHERE clause.</element><element type="functions" source="RdqlParser" sourcetype="class" name="_checkRegExQuotation">Throw an error if the regular expression from the AND clause is not quoted.</element><element type="functions" source="RdfParser" sourcetype="class" name="_new_element"/><element type="functions" source="RdfParser" sourcetype="class" name="_copy_element"/><element type="functions" source="RdfParser" sourcetype="class" name="_clear_element"/><element type="functions" source="RdfParser" sourcetype="class" name="_push_element"/><element type="functions" source="RdfParser" sourcetype="class" name="_pop_element"/><element type="functions" source="RdfParser" sourcetype="class" name="_is_rdf_property_attribute_resource"/><element type="functions" source="RdfParser" sourcetype="class" name="_is_rdf_property_attribute_literal"/><element type="functions" source="RdfParser" sourcetype="class" name="_is_rdf_ordinal"/><element type="functions" source="RdfParser" sourcetype="class" name="_is_rdf_property_attribute"/><element type="functions" source="RdfParser" sourcetype="class" name="_is_rdf_property_element"/><element type="functions" source="RdfParser" sourcetype="class" name="_is_forbidden_rdf_property_element"/><element type="functions" source="RdfParser" sourcetype="class" name="_is_rdf_node_element"/><element type="functions" source="RdfParser" sourcetype="class" name="_is_forbidden_rdf_node_element"/><element type="functions" source="RdfParser" sourcetype="class" name="_istalnum"/><element type="functions" source="RdfParser" sourcetype="class" name="_istalpha"/><element type="functions" source="RdfParser" sourcetype="class" name="_is_absolute_uri"/><element type="functions" source="RdfParser" sourcetype="class" name="_parse_uri"/><element type="functions" source="RdfParser" sourcetype="class" name="_resolve_uri_reference"/><element type="functions" source="RdfParser" sourcetype="class" name="_resolve_id"/><element type="functions" source="RdfParser" sourcetype="class" name="_split_name"/><element type="functions" source="RdfParser" sourcetype="class" name="_generate_anonymous_uri"/><element type="functions" source="RdfParser" sourcetype="class" name="_report_statement"/><element type="functions" source="RdfParser" sourcetype="class" name="_handle_property_attributes"/><element type="functions" source="RdfParser" sourcetype="class" name="_report_warning"/><element type="functions" source="RdfParser" sourcetype="class" name="_handle_resource_element"/><element type="functions" source="RdfParser" sourcetype="class" name="_handle_property_element"/><element type="functions" source="RdfParser" sourcetype="class" name="_handle_collection_element"/><element type="functions" source="RdfParser" sourcetype="class" name="_handle_xml_start_element"/><element type="functions" source="RdfParser" sourcetype="class" name="_handle_xml_end_element"/><element type="functions" source="RdfParser" sourcetype="class" name="_join_name_and_declare_prefix"/><element type="functions" source="RdfParser" sourcetype="class" name="_end_collection"/><element type="functions" source="RdfParser" sourcetype="class" name="_start_element_handler"/><element type="functions" source="RdfParser" sourcetype="class" name="_end_literal_property">property elements with text only as content set the state to</element><element type="functions" source="RdfParser" sourcetype="class" name="_end_element_handler"/><element type="functions" source="RdfParser" sourcetype="class" name="_character_data_handler"/><element type="functions" source="RdfParser" sourcetype="class" name="_start_ns_declaration_handler"/><element type="functions" source="RdfParser" sourcetype="class" name="_is_forbidden_rdf_property_attribute"/><element type="functions" source="RdfParser" sourcetype="class" name="_report_error"/></chapter><chapter char="m"><element type="variables" source="DbModel" sourcetype="class" name="$modelURI">Unique model URI.</element><element type="variables" source="DbModel" sourcetype="class" name="$modelID">Database internal modelID.</element><element type="functions" source="MemModel" sourcetype="class" name="matchStatement">Internal method that checks, if a statement matches a S, P, O or NULL combination.</element><element type="functions" source="DbStore" sourcetype="class" name="modelExists">Check if the DbModel with the given modelURI is already stored in the database</element><element type="functions" source="RdqlResultIterator" sourcetype="class" name="moveFirst">Moves the pointer to the first result.</element><element type="functions" source="StatementIterator" sourcetype="class" name="moveFirst">Moves the pointer to the first statement.</element><element type="functions" source="RdqlResultIterator" sourcetype="class" name="moveLast">Moves the pointer to the last result.</element><element type="functions" source="StatementIterator" sourcetype="class" name="moveLast">Moves the pointer to the last statement.</element><element type="functions" source="RdqlResultIterator" sourcetype="class" name="moveTo">Moves the pointer to a specific result.</element><element type="functions" source="StatementIterator" sourcetype="class" name="moveTo">Moves the pointer to a specific statement.</element><element type="variables" source="N3Serializer" sourcetype="class" name="$model"/><element type="variables" source="NTripleSerializer" sourcetype="class" name="$model"/><element type="variables" source="RdfParser" sourcetype="class" name="$model"/><element type="variables" source="StatementIterator" sourcetype="class" name="$model">Reference to the MemModel</element><element type="variables" source="RdfSerializer" sourcetype="class" name="$m_defaultNamespaces"/><element type="variables" source="RdfSerializer" sourcetype="class" name="$m_namespaces"/><element type="variables" source="RdfSerializer" sourcetype="class" name="$m_nextAutomaticPrefixIndex"/><element type="variables" source="RdfSerializer" sourcetype="class" name="$m_out"/><element type="variables" source="RdfSerializer" sourcetype="class" name="$m_baseURI"/><element type="variables" source="RdfSerializer" sourcetype="class" name="$m_statements"/><element type="variables" source="RdfSerializer" sourcetype="class" name="$m_currentSubject"/><element type="variables" source="RdfSerializer" sourcetype="class" name="$m_rdfIDElementText"/><element type="variables" source="RdfSerializer" sourcetype="class" name="$m_rdfAboutElementText"/><element type="variables" source="RdfSerializer" sourcetype="class" name="$m_rdfResourceElementText"/><element type="variables" source="RdfSerializer" sourcetype="class" name="$m_groupTypeStatement"/><element type="variables" source="RdfSerializer" sourcetype="class" name="$m_attributeStatements"/><element type="variables" source="RdfSerializer" sourcetype="class" name="$m_contentStatements"/><element type="package" source="" sourcetype="" name="model"/></chapter><chapter char="M"><element type="class" source="" sourcetype="class" name="MemModel">A MemModel is an RDF Model, which is stored in the main memory.</element><element type="functions" source="MemModel" sourcetype="class" name="MemModel">Constructor</element><element type="class" source="" sourcetype="class" name="Model">A model is a programming interface to an RDF graph.</element><element type="functions" source="Model" sourcetype="class" name="Model">Notice for people who are used to work with older versions of RAP.</element></chapter><chapter char="b"><element type="variables" source="Model" sourcetype="class" name="$baseURI">Base URI of the Model.</element><element type="functions" source="N3Parser" sourcetype="class" name="bnodeID">Generates a new node id.</element><element type="variables" source="N3Parser" sourcetype="class" name="$bNode"/></chapter><chapter char="p"><element type="functions" source="DbStore" sourcetype="class" name="putModel">Store a MemModel or another DbModel from a different DbStore in the database.</element><element type="functions" source="Statement" sourcetype="class" name="predicate">Alias for getPredicate()</element><element type="variables" source="Statement" sourcetype="class" name="$pred">Predicate of the statement</element><element type="variables" source="RdqlDbEngine" sourcetype="class" name="$parsedQuery">Parsed query variables and constraints.</element><element type="variables" source="RdqlMemEngine" sourcetype="class" name="$parsedQuery">Parsed query variables and constraints.</element><element type="variables" source="RdqlParser" sourcetype="class" name="$parsedQuery">Parsed query variables and constraints.</element><element type="functions" source="RdqlParser" sourcetype="class" name="parseQuery">Parse the given RDQL query string and return an array with query variables and constraints.</element><element type="functions" source="RdqlParser" sourcetype="class" name="parseSelect">Parse the SELECT clause of an Rdql query.</element><element type="functions" source="RdqlParser" sourcetype="class" name="parseFrom">Parse the FROM/SOURCES clause of an Rdql query</element><element type="functions" source="RdqlParser" sourcetype="class" name="parseWhere">&amp;apos;</element><element type="functions" source="RdqlParser" sourcetype="class" name="parseAnd">Parse the AND clause of an Rdql query</element><element type="functions" source="RdqlParser" sourcetype="class" name="parseUsing">Parse the USING clause of an Rdql query</element><element type="functions" source="RdqlParser" sourcetype="class" name="parseFilter">Check if a filter from the AND clause contains an equal number of &amp;apos;(&amp;apos; and &amp;apos;)&amp;apos;</element><element type="functions" source="RdqlParser" sourcetype="class" name="parseExpressions">Parse expressions inside the passed filter:</element><element type="functions" source="RdqlResultIterator" sourcetype="class" name="previous">Returns the previous result.</element><element type="functions" source="StatementIterator" sourcetype="class" name="previous">Returns the previous statement.</element><element type="variables" source="RdqlResultIterator" sourcetype="class" name="$position">Current position</element><element type="variables" source="StatementIterator" sourcetype="class" name="$position">Current position</element><element type="functions" source="N3Parser" sourcetype="class" name="parse">This parses a N3 string and prints out the triples</element><element type="functions" source="N3Parser" sourcetype="class" name="parse2model">This parses a N3 string and prints out the triples</element><element type="functions" source="N3Parser" sourcetype="class" name="posns">Returns an array with all indexes where item appears in list</element><element type="variables" source="N3Serializer" sourcetype="class" name="$prefixes"/></chapter><chapter char="S"><element type="class" source="" sourcetype="class" name="Statement">An RDF statement.</element><element type="functions" source="Statement" sourcetype="class" name="Statement">The parameters to constructor are instances of classes and not just strings</element><element type="class" source="" sourcetype="class" name="StatementIterator">Iterator for traversing models.</element><element type="functions" source="StatementIterator" sourcetype="class" name="StatementIterator">Constructor</element></chapter><chapter char="o"><element type="functions" source="Statement" sourcetype="class" name="object">Alias for getObject()</element><element type="variables" source="Statement" sourcetype="class" name="$obj">Object of the statement</element></chapter><chapter char="h"><element type="functions" source="Statement" sourcetype="class" name="hashCode">Retruns the hash code of the triple.</element><element type="functions" source="RdqlResultIterator" sourcetype="class" name="hasNext">Returns TRUE if there are more results.</element><element type="functions" source="StatementIterator" sourcetype="class" name="hasNext">Returns TRUE if there are more statements.</element><element type="functions" source="RdqlResultIterator" sourcetype="class" name="hasPrevious">Returns TRUE if the first result has not been reached.</element><element type="functions" source="StatementIterator" sourcetype="class" name="hasPrevious">Returns TRUE if the first statement has not been reached.</element></chapter><chapter char="q"><element type="functions" source="RdqlDbEngine" sourcetype="class" name="queryModel">Perform an RDQL Query on the given DbModel.</element><element type="functions" source="RdqlMemEngine" sourcetype="class" name="queryModel">Perform an RDQL Query on the given MemModel.</element></chapter><chapter char="j"><element type="functions" source="RdqlMemEngine" sourcetype="class" name="joinTuples">Perform an SQL-like inner join on two resultSets.</element></chapter><chapter char="n"><element type="functions" source="RdqlResultIterator" sourcetype="class" name="next">Returns the next result array.</element><element type="functions" source="StatementIterator" sourcetype="class" name="next">Returns the next statement.</element><element type="functions" source="N3Parser" sourcetype="class" name="notComment">Returns true if the string is not a comment</element><element type="functions" source="N3Parser" sourcetype="class" name="n3tolist">Main work-horse function. This converts a N3 string to a list of statements</element></chapter><chapter char="T"><element type="variables" source="N3Parser" sourcetype="class" name="$Tokens"/></chapter><chapter char="O"><element type="class" source="" sourcetype="class" name="Object">An abstract object.</element></chapter></index></phpdoc>