<?xml version="1.0"?><phpdoc><packagelist><package name="model"><class name="BlankNode"/><class name="Resource"/><class name="Literal"/><class name="Node"/><class name="DbModel"/><class name="MemModel"/><class name="Model"/><class name="DbStore"/><class name="Statement"/></package><package name="rdql"><class name="RdqlDbEngine"/><class name="RdqlMemEngine"/><class name="RdqlEngine"/><class name="RdqlParser"/><class name="RdqlResultIterator"/></package><package name="syntax"><class name="N3Parser"/><class name="N3Serializer"/><class name="NTripleSerializer"/><class name="RdfParser"/><class name="RdfSerializer"/></package><package name="util"><class name="RDFUtil"/><class name="StatementIterator"/><class name="Object"/></package></packagelist></phpdoc>