 <office:body>
  <text:h text:style-name="Heading 1" text:level="1">Test to see if OpenOffice is open</text:h>
  <text:p text:style-name="Text body">This is just some text to demonstrate normal paragraph text.</text:p>
  <text:h text:style-name="Heading 2" text:level="2">Image of Ormevika</text:h>
  <text:p text:style-name="Text body"/>
  <text:p text:style-name="Text body">
   <draw:image draw:style-name="fr1" draw:name="Graphic1" text:anchor-type="paragraph" svg:width="5inch" svg:height="3.75inch" draw:z-index="0" xlink:href="#Pictures/10000000000001680000010E84CA0370.jpg" xlink:type="simple" xlink:show="embed" xlink:actuate="onLoad"/>
  </text:p>
 </office:body>